URL,Последнее сканирование
https://vivadzen.com/es/brands/harmony,2026-05-05
https://vivadzen.com/high-candy-kanna-gummies-300mg,2026-05-05
https://vivadzen.com/produkt/kava-kava-damu-noble-cultivar/,2026-05-05
https://vivadzen.com/cz/vape-5,2026-05-05
https://vivadzen.com/bylinne-2,2026-05-05
https://vivadzen.com/cz/enecta-cbd-oil-10-1000-mg-10-ml,2026-05-05
https://vivadzen.com/cz/seminka,2026-05-05
https://vivadzen.com/es/en/blog/methods-of-harvesting-and-drying-kratom,2026-05-05
https://vivadzen.com/orange-county-cbd-vape-pen-cool-menthol-250mg-cbd-250mg-cbg-3-ml,2026-05-05
https://shop.vivadzen.com/ua/blog/jak-si-uzit-vecery-jinak-objevte-kava-kava,2026-05-05
https://vivadzen.com/hemnia-cbd-vegan-gummies-fruit-mix-750-mg-cbd-30-pcs-x-25-mg-90-g,2026-05-05
https://shop.vivadzen.com/ua/blog/kanabinoid-cc9-ve-spolecnosti-viva-dzen,2026-05-05
https://vivadzen.com/cz/kvety-5,2026-05-05
https://vivadzen.com/papirky-a-filtry,2026-05-05
https://vivadzen.com/cbd-kapky-2,2026-05-05
https://vivadzen.com/es/50-10-oh-hhc-moon-rock,2026-05-05
https://vivadzen.com/ua/brands/exotic-whip,2026-05-05
https://vivadzen.com/ua/brands/cannaline,2026-05-05
https://vivadzen.com/cz/preroll-5,2026-05-05
https://vivadzen.com/brands/happy-caps,2026-05-05
https://vivadzen.com/cz/blog/legality-of-kratom-by-country,2026-05-05
https://vivadzen.com/kratom-gummies,2026-05-05
https://vivadzen.com/cz/blog/comparing-kratom-with-other-herbal-supplements,2026-05-05
https://vivadzen.com/es/cones,2026-05-05
https://vivadzen.com/ua/brands/puro,2026-05-05
https://vivadzen.com/mate-paraguaysky-napoj-100g,2026-05-05
https://vivadzen.com/cz/pu-erh-s-chryzantemou-250g,2026-05-05
https://vivadzen.com/hemnia-premium-functional-h4cbd-and-cbd-vape-pen-spiritual-center-50-h4cbd-45-cbd-tulsi-gotu-kola-sage-1ml,2026-05-05
https://vivadzen.com/cbg9-kvety-amnesia,2026-05-05
https://vivadzen.com/hemnia-full-spectrum-pain-relief-cbg-oil-20-cbg-5-cbd-2000-mg-10-ml,2026-05-05
https://vivadzen.com/ua/brands/califarms,2026-05-05
https://vivadzen.com/cz/zelena-maeng-da-kratom-tablety-50g,2026-05-05
https://vivadzen.com/es/moon-rock,2026-05-05
https://vivadzen.com/cz/th4c,2026-05-05
https://vivadzen.com/h4cbd,2026-05-05
https://vivadzen.com/es/10-oh-hhc-extract-super-strong-honey-dab-1g,2026-05-05
https://vivadzen.com/goron-tula-azanza-garckeana-1ks,2026-05-05
https://vivadzen.com/the-bulldog-bila-eco-drticka,2026-05-05
https://vivadzen.com/purple-haze-h4cbd,2026-05-05
https://vivadzen.com/cervene-hulu-kratom-tablety-50g,2026-05-05
https://vivadzen.com/de/brands/palmero,2026-05-05
https://vivadzen.com/chay-matcha-mattya-deyli-nisio-yaponiya-100g-1-upakovka,2026-05-05
https://vivadzen.com/cz/brands/the-high-company,2026-05-05
https://vivadzen.com/cz/happease-create-cbd-oil-purple-rain-10-cbd-1000-mg-10-ml,2026-05-05
https://vivadzen.com/cz/brands/delta-munchies,2026-05-05
https://vivadzen.com/ua/bylinny-caj-alpske-louky-50g,2026-05-05
https://vivadzen.com/kanna-sceletium-tortuosum-susena-rostlina-1g,2026-05-05
https://vivadzen.com/cartridge-7,2026-05-05
https://vivadzen.com/cz/battery-for-cartridge-380-mah-510-thread-usb-charger,2026-05-05
https://vivadzen.com/cz/blog/white-elephant-crushed-kratom-leaf-from-vivadzen,2026-05-05
https://vivadzen.com/cz/blog/how-kratom-helped-improve-productivity-and-focus,2026-05-05
https://vivadzen.com/bylinny-caj-alpske-louky-50g,2026-05-05
https://vivadzen.com/de/blog/kanabinoid-cc9-ve-spolecnosti-viva-dzen,2026-05-05
https://vivadzen.com/euphoria-cbd-oil-5-10-ml-500-mg,2026-05-05
https://vivadzen.com/califarms-thc-x-cartrige-1-ml-ruzne-druhy,2026-05-05
https://vivadzen.com/blog/kanabinoid-cc9-ve-spolecnosti-viva-dzen,2026-05-05
https://vivadzen.com/ua/brands/cbday,2026-05-05
https://vivadzen.com/euphoria-h4cbd-disposable-vape-pen-h4cbd-50-2-ml-grape-mint,2026-05-05
https://vivadzen.com/olivovy-olej-s-cbd,2026-05-05
https://vivadzen.com/thc-f1,2026-05-05
https://vivadzen.com/de/en/blog/objevte-nano9-novy-standard-mezi-prirodnimi-relaxanty,2026-05-05
https://vivadzen.com/blog/snf-coffeine-energy-menthol-je-nyni-k-dispozici,2026-05-05
https://vivadzen.com/es/canapuff-10-oh-hhc-cartridge-rainbow-runtz,2026-05-05
https://vivadzen.com/kratom-choco,2026-05-05
https://vivadzen.com/cannaline-cbd-caj-detox,2026-05-05
https://vivadzen.com/cannio-thhc-pre-roll-hardcore,2026-05-05
https://vivadzen.com/ua/brands/bubbly-billy-buds,2026-05-05
https://vivadzen.com/ua/dab,2026-05-05
https://vivadzen.com/belyy-hulu-poroshok-kratoma-100g,2026-05-05
https://vivadzen.com/puro-jemne-mleta-250g,2026-05-05
https://vivadzen.com/cordyceps-militaris-v-kapsli-50-kapsli-25g,2026-05-05
https://vivadzen.com/cz/zeleny-thajsky-kratom-jablecny-25g,2026-05-05
https://vivadzen.com/digitalni-prenosna-presna-vaha,2026-05-05
https://vivadzen.com/pu-erh-s-lepkavou-vuni-50g,2026-05-04
https://vivadzen.com/th4c-vape-pen-passion-fruit,2026-05-04
https://shop.vivadzen.com/ua/blog/co-je-cc9,2026-05-04
https://shop.vivadzen.com/de/blog/medicinal-mushrooms,2026-05-04
https://shop.vivadzen.com/blog/specialni-50-sleva-na-zeleny-malajsky-kratom,2026-05-04
https://vivadzen.com/cz/silikonova-dymka,2026-05-04
https://vivadzen.com/cz/cannaline-cbd-hemp-oil-thc-free-20-2000-mg-10-ml,2026-05-04
https://shop.vivadzen.com/blog/vyzkousejte-nasi-sadu-nejlepsich-odrud-kratomu-zdarma,2026-05-04
https://vivadzen.com/muchomurka-cervena-amanita-muscaria-prasek-50g,2026-05-04
https://vivadzen.com/blog/ashwagandha,2026-05-04
https://vivadzen.com/ua/brands/the-bulldog,2026-05-04
https://vivadzen.com/es/brands/nature-cure,2026-05-04
https://vivadzen.com/ua/brands/best-buds,2026-05-04
https://shop.vivadzen.com/de/blog/nova-era-relaxace-s-mangem-vyzkousejte-gumove-bonbony-canapuff,2026-05-04
https://vivadzen.com/koralovec-jezaty-cela-houba-100g,2026-05-04
https://vivadzen.com/cones,2026-05-04
https://vivadzen.com/cbd,2026-05-04
https://vivadzen.com/cartridge-2,2026-05-04
https://vivadzen.com/dab,2026-05-04
https://vivadzen.com/cannastra-10-oh-hhc-flower-robot-dreams-97-quality-3-g,2026-05-04
https://vivadzen.com/canntropy-cbd-liquid-dosi-kush-cbd-10-10-ml,2026-05-04
https://vivadzen.com/ua/brands/palmero,2026-05-04
https://vivadzen.com/bong-roor,2026-05-04
https://vivadzen.com/de/cannastra-10-oh-hhc-vape-pen-blueberry-android-10-oh-hhc-97-quality-1ml,2026-05-04
https://vivadzen.com/rolls69-smart-filter-10ks,2026-05-04
https://vivadzen.com/cannaline-cbd-tea-deep-sleep-30g,2026-05-04
https://shop.vivadzen.com/es/ru/blog/co-je-cc9,2026-05-04
https://vivadzen.com/cz/checkout,2026-05-04
https://vivadzen.com/cz/brands/califarms,2026-05-04
https://vivadzen.com/th4c-cartridge-1ml-citron,2026-05-04
https://shop.vivadzen.com/ua/ru/blog/co-je-cc9,2026-05-04
https://vivadzen.com/ua/brands/the-high-company,2026-05-04
https://vivadzen.com/cannio-thhc-cartridge-1ml-hardcore,2026-05-04
https://vivadzen.com/zapalovac,2026-05-04
https://vivadzen.com/akuamma-strouhana-seminka-v-kapslich-50-kapsli-30g,2026-05-04
https://vivadzen.com/darkove-zbozi,2026-05-04
https://vivadzen.com/de/en/blog/snf-coffeine-energy-menthol-je-nyni-k-dispozici,2026-05-04
https://vivadzen.com/global/es/blog/comparing-kratom-with-other-herbal-supplements,2026-05-04
https://vivadzen.com/de/blog/nova-era-relaxace-s-mangem-vyzkousejte-gumove-bonbony-canapuff,2026-05-04
https://shop.vivadzen.com/blog/stihni-akci-40-na-oblibene-druhy-kratomu,2026-05-04
https://shop.vivadzen.com/es/uk/blog/odemknete-silu-akuammy-prirodni-ulevu-od-bolesti-a-lehke-uvolneni,2026-05-04
https://vivadzen.com/es/gummies-2,2026-05-04
https://vivadzen.com/cz/blog/kratom-in-ancient-rituals,2026-05-04
https://vivadzen.com/cz/blog/the-main-varieties-of-kratom,2026-05-04
https://vivadzen.com/es/cannabigold-oil-relief-15-13-5-cbd-1-5-cbg-1800-mg-12-ml,2026-05-04
https://vivadzen.com/ua/cones,2026-05-04
https://vivadzen.com/canntropy-cbd-vape-pen-candy-cane-kush-cbd-95-1-ml,2026-05-04
https://shop.vivadzen.com/ua/ru/blog/kanabinoid-cc9-ve-spolecnosti-viva-dzen,2026-05-04
https://shop.vivadzen.com/global/cs/blog/cas-zelene-energie-30-na-zeleny-kratom,2026-05-04
https://vivadzen.com/de/blog/snf-coffeine-energy-menthol-je-nyni-k-dispozici,2026-05-04
https://vivadzen.com/de/category/pilze/,2026-05-04
https://shop.vivadzen.com/de/ru/blog/medicinal-mushrooms,2026-05-04
https://vivadzen.com/zapalovace,2026-05-04
https://vivadzen.com/cervene-hulu-kratom-tablety-100g,2026-05-04
https://vivadzen.com/lemon-gelato-h4cbd,2026-05-04
https://shop.vivadzen.com/blog/usnadnete-si-zivot-s-nasimi-kratomovymi-tabletami,2026-05-04
https://vivadzen.com/cz/en/blog/kratom-and-meditation,2026-05-04
https://shop.vivadzen.com/produkt/akuamma-strouhana-semena/,2026-05-04
https://vivadzen.com/es/rooibos-africky-caj-50g,2026-05-04
https://vivadzen.com/sum-hemp-coffee-bio-250g-classic-hemp,2026-05-04
https://vivadzen.com/cz/thc-f1-pre-roll-skunk-1,2026-05-04
https://vivadzen.com/cbd-bubba-kush,2026-05-04
https://vivadzen.com/konopne-royal-blunts,2026-05-04
https://vivadzen.com/euphoria-cbd-disposable-vape-pen-2-ml-heisenberg,2026-05-04
https://vivadzen.com/cbg9-pre-roll-white-widow,2026-05-04
https://vivadzen.com/es/ru/blog/green-thai-kratom-crushed-leaf,2026-05-04
https://shop.vivadzen.com/global/de/blog/objevte-tropickou-silu-justicia-carnea-blood-sleva-50,2026-05-04
https://vivadzen.com/caje-2,2026-05-04
https://vivadzen.com/euphoria-rolling-papers-kingsize-slim,2026-05-04
https://vivadzen.com/blog/nova-era-relaxace-s-mangem-vyzkousejte-gumove-bonbony-canapuff,2026-05-04
https://vivadzen.com/de/uk/blog/srovnani-kratomu-s-dalsimi-rostlinnymi-doplnky-co-vybrat-pro-relaxaci-energii-nebo-bdelost,2026-05-04
https://vivadzen.com/euphoria-cbd-olej-5-10-ml-cold-flu,2026-05-04
https://vivadzen.com/califarms-thc-x-live-resin-cartrige-1-ml-ruzne-druhy,2026-05-04
https://shop.vivadzen.com/de/blog/objevte-tropickou-silu-justicia-carnea-blood-sleva-50,2026-05-04
https://shop.vivadzen.com/blog/otevreni-nove-prodejny-vivadze,2026-05-04
https://shop.vivadzen.com/blog/nase-motivace-byt-soucasti-cesko-slovenske-asociace-kratom-csak,2026-05-04
https://vivadzen.com/best-buds-grinder-gelato-blueberry-tropical-fruits-4-parts,2026-05-04
https://shop.vivadzen.com/de/en/blog/nase-motivace-byt-soucasti-cesko-slovenske-asociace-kratom-csak,2026-05-04
https://vivadzen.com/de/ru/blog/legal-cannabinoids,2026-05-04
https://shop.vivadzen.com/de/blog/bezkonkurencni-nabidka-tydne-50-sleva-na-zelenou-maeng-da,2026-05-04
https://vivadzen.com/blog/objevte-nano9-novy-standard-mezi-prirodnimi-relaxanty,2026-05-04
https://shop.vivadzen.com/blog/nova-era-relaxace-s-mangem-vyzkousejte-gumove-bonbony-canapuff,2026-05-04
https://vivadzen.com/cz/index.php,2026-05-04
https://shop.vivadzen.com/ua/blog/zelene-borneo-kratom-je-50-sleva-pouze-tento-tyden,2026-05-04
https://shop.vivadzen.com/global/de/blog/novinka-ve-vivadzen-objevte-thc-f1-produkty,2026-05-04
https://shop.vivadzen.com/de/blog/program-kumulativnich-slev,2026-05-04
https://vivadzen.com/cz/ru/blog/methods-of-harvesting-and-drying-kratom,2026-05-04
https://vivadzen.com/de/blog/an-introduction-to-the-world-of-kratom,2026-05-04
https://vivadzen.com/cz/mlete-horke-listy-vernonia-amygdalina-100g,2026-05-04
https://shop.vivadzen.com/de/blog/nase-motivace-byt-soucasti-cesko-slovenske-asociace-kratom-csak,2026-05-04
https://vivadzen.com/juicy-jay-liqourice,2026-05-04
https://shop.vivadzen.com/blog/zensen-ve-viva-dzen-vase-supersila-z-prirody,2026-05-04
https://shop.vivadzen.com/global/de/blog/posledni-odruda-tydne-akce-se-konci,2026-05-04
https://vivadzen.com/product-category/konopi/th4c-konopi/cartridge-th4c-konopi/,2026-05-04
https://shop.vivadzen.com/de/en/blog/legal-cannabinoids,2026-05-04
https://shop.vivadzen.com/de/blog/zensen-ve-viva-dzen-vase-supersila-z-prirody,2026-05-04
https://vivadzen.com/de/bile-hulu-a-zelena-sumatra-jsou-certifikovany-podle-nejvyssich-standardu/,2026-05-04
https://shop.vivadzen.com/de/blog/cannafest-2024-se-blizi,2026-05-04
https://vivadzen.com/thc-f1-pre-roll-vertigo,2026-05-04
https://shop.vivadzen.com/de/blog/the-journey-of-hemp-from-textile-plant-to-wellness-industry,2026-05-04
https://shop.vivadzen.com/de/en/blog/odemknete-silu-akuammy-prirodni-ulevu-od-bolesti-a-lehke-uvolneni,2026-05-04
https://shop.vivadzen.com/cz/blog/kitajski-chai,2026-05-04
https://shop.vivadzen.com/es/uk/blog/banisteriopsis-caapiprirozena-cesta-k-hlubsimu-sebepoznani,2026-05-04
https://shop.vivadzen.com/de/blog/australian-root-kava-kava,2026-05-04
https://shop.vivadzen.com/de/blog/african-plant-akuamma,2026-05-03
https://shop.vivadzen.com/blog/dlouhotrvajici-energie-a-relaxace-50-bila-maeng-da-a-bily-slon,2026-05-03
https://shop.vivadzen.com/es/blog/neuveritelne-duo-bily-thajsky-a-bily-hulu-kratom-za-polovicni-cenu,2026-05-03
https://vivadzen.com/global/cs/blog/green-thai-kratom-crushed-leaf,2026-05-03
https://vivadzen.com/cz/uk/blog/kratom-v-cr-zarazeni-mezi-psychomodulacni-latky,2026-05-03
https://vivadzen.com/global/de/blog/what-is-kratom,2026-05-03
https://vivadzen.com/lemon-cherry-cookies-auto,2026-05-03
https://vivadzen.com/de/brands/eighty8,2026-05-03
https://vivadzen.com/pages/,2026-05-03
https://vivadzen.com/cz/euphoria-rolling-papers-kingsize-slim,2026-05-03
https://vivadzen.com/ostatni-3,2026-05-03
https://vivadzen.com/global/de/blog/how-kratom-helped-improve-productivity-and-focus,2026-05-03
https://vivadzen.com/battery-for-cartridge-380-mah-510-thread-usb-charger,2026-05-03
https://vivadzen.com/canapuff-10-oh-hhc-pen-cartridge-donny-burger,2026-05-03
https://vivadzen.com/cz/cbg9-kvety-mini-buds-1-5-g,2026-05-03
https://vivadzen.com/ua/brands/cannio,2026-05-03
https://vivadzen.com/cz/thc-x-strawberry-gelato,2026-05-03
https://vivadzen.com/cannio-jack-herer-cbd-pre-rolled-joints-6-pack,2026-05-03
https://vivadzen.com/blog/cas-zelene-energie-30-na-zeleny-kratom,2026-05-03
https://vivadzen.com/ua/brands/ 34624016801,2026-05-03
https://shop.vivadzen.com/de/en/blog/medicinal-mushrooms,2026-05-03
https://vivadzen.com/blog/vysledky-testu-odrud-bily-slon-a-zelene-borneo-nejsilnejsi-odrudy-obsahujici-2-mitragyninu,2026-05-03
https://vivadzen.com/de/en/blog/cerny-patek-ve-viva-dzen-slevy-ktere-si-nesmite-nechat-ujit,2026-05-03
https://vivadzen.com/cz/blog/how-to-buy-high-quality-kratom,2026-05-03
https://shop.vivadzen.com/de/en/blog/australian-root-kava-kava,2026-05-03
https://vivadzen.com/de/blog/objevte-nano9-novy-standard-mezi-prirodnimi-relaxanty,2026-05-03
https://vivadzen.com/de/en/blog/nova-odruda-sezony-bily-slon-kratom,2026-05-03
https://vivadzen.com/cz/nature-cure-full-spectrum-cbd-oil-30-3000-mg-10-ml,2026-05-03
https://vivadzen.com/de/blog/nova-odruda-sezony-bily-slon-kratom,2026-05-03
https://vivadzen.com/de/blog/cas-zelene-energie-30-na-zeleny-kratom,2026-05-03
https://vivadzen.com/product-category/cannabis/10-oh-hhc/page/3/,2026-05-03
https://vivadzen.com/de/kratom-fudge,2026-05-03
https://vivadzen.com/de/product-category/legal-kanabinoidy/cbg9/,2026-05-03
https://vivadzen.com/brands,2026-05-03
https://vivadzen.com/product-tag/legalni-kanabinoid/,2026-05-03
https://vivadzen.com/cz/heavens-haze-10-oh-hhc-pre-roll-gorilla-glue,2026-05-03
https://shop.vivadzen.com/es/uk/blog/vysledky-testu-odrud-bily-slon-a-zelene-borneo-nejsilnejsi-odrudy-obsahujici-2-mitragyninu,2026-05-03
https://shop.vivadzen.com/blog/ziskejte-50-slevu-na-exkluzivni-cervene-borneo-kratom-pouze-tento-tyden,2026-05-03
https://vivadzen.com/cz/vape-2,2026-05-03
https://vivadzen.com/cz/th4c-vape-pen-tangerine,2026-05-03
https://vivadzen.com/banisteriopsis-caapi-vine-100g,2026-05-03
https://vivadzen.com/cz/griffonia-seminka-100g,2026-05-03
https://vivadzen.com/cz/shop-2/page/24/,2026-05-03
https://shop.vivadzen.com/de/en/blog/cbd-drops,2026-05-03
https://vivadzen.com/de/en/blog/methods-of-harvesting-and-drying-kratom,2026-05-03
https://vivadzen.com/ru/pages/,2026-05-03
https://shop.vivadzen.com/de/en/blog/the-journey-of-hemp-from-textile-plant-to-wellness-industry,2026-05-03
https://vivadzen.com/ua/brands/happease,2026-05-03
https://vivadzen.com/guarantees,2026-05-03
https://vivadzen.com/cz/zapalovace,2026-05-03
https://vivadzen.com/cz/brands/kratomhelper,2026-05-03
https://shop.vivadzen.com/blog/jak-si-uzit-vecery-jinak-objevte-kava-kava,2026-05-03
https://vivadzen.com/cz/brands/heavens-haze,2026-05-03
https://vivadzen.com/th4c-vape-pen-tangerine,2026-05-03
https://vivadzen.com/cz/the-bulldog-original-silver-king-size-slim-rolling-papers-tips,2026-05-03
https://vivadzen.com/produkt/10-oh-hhc-moon-rock/,2026-05-03
https://vivadzen.com/cz/zeleny-thajsky-kratom-visnovy-25g,2026-05-03
https://vivadzen.com/cz/kvety,2026-05-03
https://vivadzen.com/cz/cbd-konopny-olej-20-full-spectrum-10ml,2026-05-03
https://vivadzen.com/cz/cbd-kapky,2026-05-03
https://vivadzen.com/cz/hemnia-premium-functional-h4cbd-and-cbd-vape-pen-spiritual-center-50-h4cbd-45-cbd-tulsi-gotu-kola-sage-1ml,2026-05-03
https://vivadzen.com/cz/vape,2026-05-03
https://vivadzen.com/cz/kosmetika-s-cbd,2026-05-03
https://vivadzen.com/cz/thhc-vape-pen-0-5ml-blitz,2026-05-03
https://vivadzen.com/cz/cannio-10-oh-hhc-pre-roll-white-widow,2026-05-03
https://vivadzen.com/cz/mosazne-kotliky-na-vodni-dymku-lahev-rucni-vyroba,2026-05-03
https://vivadzen.com/cz/th4c-vape-pen-passion-fruit,2026-05-03
https://vivadzen.com/product-tag/bily-hulu/,2026-05-03
https://vivadzen.com/cz/relax-jack-herer-1g,2026-05-03
https://vivadzen.com/es/brands/cbday,2026-05-03
https://vivadzen.com/cz/banana-purple-punch-auto-seminka,2026-05-03
https://vivadzen.com/rape-guarumo,2026-05-03
https://vivadzen.com/es/ru/blog/the-main-varieties-of-kratom,2026-05-03
https://vivadzen.com/cz/zlata-maeng-da-kratom-prasek-25g,2026-05-03
https://vivadzen.com/cz/cbd-plutonium,2026-05-03
https://vivadzen.com/cz/cbd-bubba-kush,2026-05-03
https://vivadzen.com/cz/cartridge,2026-05-03
https://vivadzen.com/cz/zelena-maeng-da-kratom-prasek-50g,2026-05-03
https://vivadzen.com/cz/canntropy-h4cbd-cartridge-gorilla-glue-95-h4cbd-1-ml,2026-05-03
https://vivadzen.com/cz/palmero-rollie-3x-palm-leaf-wraps-0-5g,2026-05-03
https://vivadzen.com/cz/preroll-3,2026-05-03
https://vivadzen.com/thhc,2026-05-03
https://vivadzen.com/cz/cc9-edibles,2026-05-03
https://vivadzen.com/cz/nadobky,2026-05-03
https://vivadzen.com/cz/thc-f1-pre-roll-vertigo,2026-05-03
https://vivadzen.com/es/brands/the-bulldog,2026-05-03
https://vivadzen.com/product-category/cannabis/cbd/other/,2026-05-03
https://vivadzen.com/ua/mlete-orechy-kola-50g,2026-05-03
https://vivadzen.com/strawberry-gorilla-auto-seminka,2026-05-03
https://vivadzen.com/cz/kratom-gummies,2026-05-03
https://vivadzen.com/cz/brands/enecta,2026-05-03
https://vivadzen.com/canntropy-h4cbd-cartridge-gorilla-glue-95-h4cbd-1-ml,2026-05-03
https://vivadzen.com/cz/czech-republic-kratom,2026-05-03
https://vivadzen.com/cz/blog/export-of-kratom-2025,2026-05-03
https://vivadzen.com/product-tag/red-hulu/,2026-05-03
https://vivadzen.com/vivapoints,2026-05-03
https://vivadzen.com/cz/cbd-critical-kush,2026-05-03
https://vivadzen.com/ua/brands/canapuff,2026-05-03
https://vivadzen.com/cz/brands/cannabigold,2026-05-03
https://vivadzen.com/kratomove-tablety,2026-05-03
https://vivadzen.com/es/bile-borneo-kratom-prasek-25g,2026-05-02
https://vivadzen.com/ua/mlete-koreny-kava-kava-50g,2026-05-02
https://vivadzen.com/global/es/blog/legality-of-kratom-by-country,2026-05-02
https://vivadzen.com/cz/mlete-orechy-kola-50g,2026-05-02
https://vivadzen.com/ua/nadobky,2026-05-02
https://vivadzen.com/cz/the-bulldog-original-stribrna-kovova-drticka,2026-05-02
https://vivadzen.com/cz/kratom-choco,2026-05-02
https://vivadzen.com/product-tag/entheogen/,2026-05-02
https://vivadzen.com/cz/hemnia-cbd-oil-30-thc-free-3000-mg-10-ml,2026-05-02
https://vivadzen.com/blog/usnadnete-si-zivot-s-nasimi-kratomovymi-tabletami,2026-05-02
https://vivadzen.com/product-tag/canapuff/,2026-05-02
https://vivadzen.com/cz/cibdol-complete-sleep-5-cbn-a-2-5-cbd-10ml,2026-05-02
https://vivadzen.com/cz/cannabis-bakehouse-cbd-power-sleep-gummies-with-melatonin-900mg-60pcs,2026-05-02
https://vivadzen.com/de/blog/cerny-patek-ve-viva-dzen-slevy-ktere-si-nesmite-nechat-ujit,2026-05-02
https://vivadzen.com/blog/cerny-patek-ve-viva-dzen-slevy-ktere-si-nesmite-nechat-ujit,2026-05-02
https://vivadzen.com/de/en/blog/usnadnete-si-zivot-s-nasimi-kratomovymi-tabletami,2026-05-02
https://vivadzen.com/de/blog/usnadnete-si-zivot-s-nasimi-kratomovymi-tabletami,2026-05-02
https://shop.vivadzen.com/de/ru/blog/objevte-nano9-novy-standard-mezi-prirodnimi-relaxanty,2026-05-02
https://shop.vivadzen.com/de/uk/blog/corydalis-yanhusuo-and-its-use-in-traditional-medicine,2026-05-02
https://vivadzen.com/cannabis-bakehouse-cbd-power-sleep-gummies-with-melatonin-900mg-60pcs,2026-05-02
https://vivadzen.com/cz/produkt/zen-cbd-drink-mixed-berry-70-mg-60-ml/?add-to-cart=18400,2026-05-02
https://shop.vivadzen.com/product-category/legal-kanabinoidy/cc9/,2026-05-02
https://shop.vivadzen.com/blog/vivadzen-na-cannafest-2025,2026-05-02
https://vivadzen.com/guarana-shot-60ml-kavun,2026-05-02
https://vivadzen.com/es/brands/happease,2026-05-02
https://shop.vivadzen.com/blog/odemknete-silu-akuammy-prirodni-ulevu-od-bolesti-a-lehke-uvolneni,2026-05-01
https://vivadzen.com/de/blog/legal-cannabinoids,2026-05-01
https://vivadzen.com/cz/brands/global-herbs,2026-05-01
https://vivadzen.com/blue-lotus-stoner-bites-gummies-300mg,2026-05-01
https://vivadzen.com/de/blog/export-of-kratom-2025,2026-05-01
https://vivadzen.com/cz/dab,2026-05-01
https://vivadzen.com/cz/bile-borneo-kratom-prasek-50g,2026-05-01
https://vivadzen.com/justicia-carnea-blood-plant-susene-listy-25g,2026-05-01
https://vivadzen.com/muchomurka-cervena-amanita-muscaria-susene-cepicky-25g,2026-05-01
https://vivadzen.com/cz/gummies,2026-05-01
https://vivadzen.com/ua/product-category/cbd/cbd-vape/,2026-05-01
https://vivadzen.com/dnx-party-pills-happy-party-caps-speed-x,2026-05-01
https://vivadzen.com/de/en/blog/legal-cannabinoids,2026-05-01
https://vivadzen.com/cz/kratom-extrakt-2ml-zeleny,2026-05-01
https://vivadzen.com/cz/product-tag/h4cbd/,2026-05-01
https://vivadzen.com/de/en/blog/red-borneo-kratom-crushed-leaf,2026-04-30
https://vivadzen.com/blog/corydalis-yanhusuo-and-its-use-in-traditional-medicine,2026-04-30
https://vivadzen.com/es/orange-county-cbd-vape-pen-cool-menthol-250mg-cbd-250mg-cbg-3-ml,2026-04-30
https://vivadzen.com/es/happease-relax-cbd-oil-tropical-sunrise-30-cbd-3000-mg-10-ml,2026-04-30
https://shop.vivadzen.com/de/ru/blog/african-plant-akuamma,2026-04-30
https://vivadzen.com/cz/brands/vivadzen,2026-04-30
https://vivadzen.com/zelena-maeng-da-kratom-tablety-50g,2026-04-30
https://shop.vivadzen.com/blog/kvety-cc9,2026-04-30
https://vivadzen.com/kratom,2026-04-30
https://vivadzen.com/cz/bongy,2026-04-30
https://shop.vivadzen.com/de/en/blog/novinka-ve-vivadzen-objevte-thc-f1-produkty,2026-04-30
https://vivadzen.com/blog/medicinal-mushrooms,2026-04-30
https://shop.vivadzen.com/de/en/blog/banisteriopsis-caapi-prastara-liana-se-zajimavymi-ucinky,2026-04-30
https://vivadzen.com/es/canntropy-10-oh-hhc-liquid-white-truffle-10-oh-hhc-97-quality-10-ml,2026-04-30
https://vivadzen.com/de/blog/srovnani-kratomu-s-dalsimi-rostlinnymi-doplnky-co-vybrat-pro-relaxaci-energii-nebo-bdelost,2026-04-30
https://vivadzen.com/es/canntropy-10-oh-hhc-vape-pen-orange-creamsicle-10-oh-hhc-97-quality-2ml,2026-04-30
https://vivadzen.com/ostatni-produkty,2026-04-30
https://vivadzen.com/cbd-mango-cheese,2026-04-30
https://shop.vivadzen.com/blog/program-kumulativnich-slev,2026-04-30
https://shop.vivadzen.com/blog/sleva-50-na-mlete-horke-listy-vernonia-amygdalina,2026-04-29
https://vivadzen.com/cz/thc-f1,2026-04-29
https://shop.vivadzen.com/blog/odhalte-svuj-potencial-s-bilym-slonem-50,2026-04-29
https://vivadzen.com/cz/cartridge-5,2026-04-29
https://shop.vivadzen.com/blog/kanna-zlepseni-nalady-zvyseni-koncentrace-zvyseni-energie,2026-04-29
https://shop.vivadzen.com/de/blog/odemknete-silu-akuammy-prirodni-ulevu-od-bolesti-a-lehke-uvolneni,2026-04-29
https://vivadzen.com/es/brands/bubbly-billy-buds,2026-04-29
https://shop.vivadzen.com/blog/zeleny-thajsky-pro-energii-cerveny-hulu-pro-relaxaci-dvojita-sila-se-slevou-50,2026-04-29
https://vivadzen.com/keramicky-kotlik-na-vodni-dymku-lahev-dle-vyberu,2026-04-29
https://vivadzen.com/cerveny-caj-da-hong-pao-50g,2026-04-29
https://vivadzen.com/cz/brands/happease,2026-04-29
https://vivadzen.com/ostatni-2,2026-04-29
https://shop.vivadzen.com/de/blog/objevte-nano9-novy-standard-mezi-prirodnimi-relaxanty,2026-04-29
https://vivadzen.com/es/en/blog/vitez-cannaswisscupu-cbd-cali-grapes-od-sozhiety,2026-04-28
https://vivadzen.com/es/cervene-hulu-kratom-tablety-50g,2026-04-28
https://vivadzen.com/cz/vape-6,2026-04-28
https://shop.vivadzen.com/de/en/blog/african-plant-akuamma,2026-04-28
https://shop.vivadzen.com/de/blog/cbd-drops,2026-04-28
https://shop.vivadzen.com/blog/ziskejte-100-kc-za-nakup-v-nasem-obchode-a-5-z-nakupu-vasich-pratel,2026-04-28
https://vivadzen.com/banisteriopsis-caapi-vine-20g,2026-04-28
https://vivadzen.com/hemnia-cbd-oil-20-thc-free-2000-mg-10-ml-2,2026-04-28
https://vivadzen.com/cz/shop-2/,2026-04-28
https://shop.vivadzen.com/blog/neuveritelne-duo-bily-thajsky-a-bily-hulu-kratom-za-polovicni-cenu,2026-04-28
https://vivadzen.com/blog/program-kumulativnich-slev/,2026-04-28
https://shop.vivadzen.com/blog/vitez-cannaswisscupu-cbd-cali-grapes-od-sozhiety,2026-04-28
https://vivadzen.com/popelnik,2026-04-28
https://vivadzen.com/cz/zeleny-thajsky-kratom-prasek-25g,2026-04-28
https://vivadzen.com/czech-republic-kratom,2026-04-28
https://vivadzen.com/es/ru/blog/vivadzen-na-cannafest-2025,2026-04-28
https://vivadzen.com/cz/gummies-3,2026-04-28
https://vivadzen.com/ru/akciyni-producty-zi-znyzhkoyu/,2026-04-27
https://vivadzen.com/es/kvety-6,2026-04-27
https://vivadzen.com/de/blog/how-does-the-quality-of-kratom-affects-its-effectiveness,2026-04-27
https://vivadzen.com/cz/nature-cure-full-spectrum-cbd-olej-5-500-mg-10-ml,2026-04-27
https://shop.vivadzen.com/blog/novinka-od-vivadzen-thc-x-strawberry-gelato,2026-04-27
https://shop.vivadzen.com/blog/snf-coffeine-energy-menthol-je-nyni-k-dispozici,2026-04-27
https://vivadzen.com/cz/cbd-strawberry-kush,2026-04-27
https://vivadzen.com/cz/mlete-koreny-kava-kava-50g,2026-04-27
https://vivadzen.com/kratom-fudge,2026-04-27
https://vivadzen.com/cz/produkt/th4c-vape-pen-blackberry/?add-to-cart=15980,2026-04-27
https://shop.vivadzen.com/blog/novinka-ve-vivadzen-objevte-thc-f1-produkty,2026-04-27
https://vivadzen.com/kvety-4,2026-04-27
https://vivadzen.com/es/ru/blog/srovnani-kratomu-s-dalsimi-rostlinnymi-doplnky-co-vybrat-pro-relaxaci-energii-nebo-bdelost,2026-04-27
https://vivadzen.com/global/cs/blog/vivadzen-na-cannafest-2025,2026-04-27
https://shop.vivadzen.com/de/blog/dlouhotrvajici-energie-a-relaxace-50-bila-maeng-da-a-bily-slon,2026-04-27
https://vivadzen.com/product-tag/zlaty-kratom/,2026-04-27
https://vivadzen.com/es/agushie-powder-100g,2026-04-27
https://vivadzen.com/cz/koralovec-jezaty-mlety-50g,2026-04-26
https://vivadzen.com/de/ru/blog/african-plant-akuamma,2026-04-26
https://vivadzen.com/cz/cartridge-2,2026-04-26
https://vivadzen.com/es/gummies,2026-04-26
https://shop.vivadzen.com/blog/posledni-odruda-tydne-akce-se-konci,2026-04-26
https://vivadzen.com/blog/🔋-snf-caffeine-energy-forest-fruit-🔋/,2026-04-26
https://vivadzen.com/de/en/blog/african-plant-akuamma,2026-04-26
https://vivadzen.com/de/ru/blog/red-borneo-kratom-crushed-leaf,2026-04-26
https://shop.vivadzen.com/es/blog/program-kumulativnich-slev,2026-04-26
https://vivadzen.com/happease-balance-cbd-oil-strawberry-field-10-cbd-1000mg-10-ml,2026-04-26
https://vivadzen.com/blog/jak-si-uzit-vecery-jinak-objevte-kava-kava,2026-04-26
https://shop.vivadzen.com/de/en/blog/snf-coffeine-energy-menthol-je-nyni-k-dispozici,2026-04-26
https://vivadzen.com/product-tag/masazni-gel/,2026-04-26
https://shop.vivadzen.com/de/blog/neuveritelne-duo-bily-thajsky-a-bily-hulu-kratom-za-polovicni-cenu,2026-04-26
https://vivadzen.com/es/ru/blog/export-of-kratom-2025,2026-04-26
https://shop.vivadzen.com/de/blog/corydalis-yanhusuo-and-its-use-in-traditional-medicine,2026-04-26
https://shop.vivadzen.com/de/blog/novinka-ve-vivadzen-ashwagandha-prirodni-sila-pro-vase-zdravi,2026-04-26
https://vivadzen.com/de/en/blog/how-does-the-quality-of-kratom-affects-its-effectiveness,2026-04-25
https://vivadzen.com/cz/vykon-orange-bud-krabicka-1g,2026-04-25
https://shop.vivadzen.com/blog/banisteriopsis-caapi-prastara-liana-se-zajimavymi-ucinky,2026-04-25
https://vivadzen.com/de/en/blog/the-journey-of-hemp-from-textile-plant-to-wellness-industry,2026-04-25
https://shop.vivadzen.com/global/de/blog/program-kumulativnich-slev,2026-04-25
https://shop.vivadzen.com/de/blog/vitez-cannaswisscupu-cbd-cali-grapes-od-sozhiety,2026-04-25
https://vivadzen.com/produkt/banana-purple-punch-auto-seeds/,2026-04-25
https://vivadzen.com/de/blog/the-journey-of-hemp-from-textile-plant-to-wellness-industry,2026-04-25
https://vivadzen.com/cz/wp-content/themes/Impreza,2026-04-25
https://vivadzen.com/de/blog/comparing-kratom-with-other-herbal-supplements,2026-04-25
https://vivadzen.com/de/en/blog/jak-si-uzit-vecery-jinak-objevte-kava-kava,2026-04-25
https://vivadzen.com/cbd-zkittlez-gh-m,2026-04-25
https://vivadzen.com/the-bulldog-ruzova-plastova-drticka,2026-04-25
https://shop.vivadzen.com/blog/novinky-ve-vivadzen-th4c-produkty,2026-04-25
https://shop.vivadzen.com/blog/novinka-ve-vivadzen-ashwagandha-prirodni-sila-pro-vase-zdravi,2026-04-25
https://vivadzen.com/de/en/blog/novinky-ve-vivadzen-th4c-produkty,2026-04-25
https://vivadzen.com/blog/stihni-akci-40-na-oblibene-druhy-kratomu,2026-04-25
https://vivadzen.com/de/bylinny-caj-alpske-louky-50g,2026-04-25
https://vivadzen.com/cz/cbg9-kvety-jack-herer,2026-04-25
https://vivadzen.com/de/ru/blog/how-does-the-quality-of-kratom-affects-its-effectiveness,2026-04-25
https://vivadzen.com/de/blog/jak-si-uzit-vecery-jinak-objevte-kava-kava,2026-04-25
https://vivadzen.com/de/blog/african-plant-akuamma,2026-04-25
https://shop.vivadzen.com/global/es/blog/novinky-ve-vivadzen-th4c-produkty,2026-04-25
https://vivadzen.com/slehackova-bomba-exotic-whip-2kg-coconut,2026-04-24
https://shop.vivadzen.com/blog/chay-anchan,2026-04-24
https://vivadzen.com/cannastra-cbg9-kvet-fruity-big-bang,2026-04-24
https://vivadzen.com/product-category/cannabis/10-oh-hhc/10-он-ннс-edibles/,2026-04-24
https://vivadzen.com/cz/uk/blog/how-does-the-quality-of-kratom-affects-its-effectiveness,2026-04-24
https://vivadzen.com/es/tag/valeriana/,2026-04-24
https://vivadzen.com/cz/uk/blog/white-elephant-crushed-kratom-leaf-from-vivadzen,2026-04-24
https://vivadzen.com/vape-5,2026-04-24
https://vivadzen.com/reviews/shop,2026-04-24
https://vivadzen.com/canntropy-10-oh-hhc-vape-pen-dutch-hawaian-97-quality-1-ml,2026-04-24
https://vivadzen.com/vape-2,2026-04-24
https://vivadzen.com/cz/produkt/th4c-vape-pen-blackberry/?add-to-cart=16512,2026-04-24
https://vivadzen.com/product-tag/cbd-kapky/page/3/,2026-04-24
https://vivadzen.com/de/blog/stihni-akci-40-na-oblibene-druhy-kratomu,2026-04-24
https://vivadzen.com/cz/brands/cannabellum,2026-04-24
https://vivadzen.com/cz/bile-borneo-kratom-prasek-25g,2026-04-24
https://vivadzen.com/cz/produkt/th4c-vape-pen-blackberry/?add-to-cart=16467,2026-04-24
https://shop.vivadzen.com/blog/usnadnete-si-kazdy-den-s-cervenou-maeng-da-a-gold-borneo-50,2026-04-24
https://vivadzen.com/cz/produkt/th4c-vape-pen-blackberry/?add-to-cart=16489,2026-04-24
https://vivadzen.com/cz/produkt/th4c-vape-pen-blackberry/?add-to-cart=16480,2026-04-24
https://vivadzen.com/cz/produkt/th4c-vape-pen-blackberry/?add-to-cart=15762,2026-04-24
https://vivadzen.com/blog/african-plant-akuamma,2026-04-24
https://vivadzen.com/blog/kitajski-chai,2026-04-24
https://vivadzen.com/cz/product-tag/10-oh-hhc-olej/,2026-04-24
https://vivadzen.com/cz/uk/blog/kratom-in-ancient-rituals,2026-04-24
https://vivadzen.com/entheogeny,2026-04-24
https://vivadzen.com/endoca-hemp-salve-250-mg-cbd-10-ml,2026-04-24
https://vivadzen.com/de/ru/blog/odemknete-silu-akuammy-prirodni-ulevu-od-bolesti-a-lehke-uvolneni,2026-04-24
https://vivadzen.com/de/czech-republic-kratom,2026-04-24
https://vivadzen.com/kava-2,2026-04-24
https://vivadzen.com/cz/the-bulldog-bila-eco-drticka,2026-04-24
https://shop.vivadzen.com/blog/ziskejte-svuj-oblibeny-zeleny-thajsky-kratom-s-50-slevou,2026-04-23
https://vivadzen.com/bong-skull,2026-04-23
https://vivadzen.com/ua/brands/raw,2026-04-23
https://shop.vivadzen.com/de/en/blog/bezkonkurencni-nabidka-tydne-50-sleva-na-zelenou-maeng-da,2026-04-23
https://shop.vivadzen.com/de/blog/banisteriopsis-caapi-prastara-liana-se-zajimavymi-ucinky,2026-04-23
https://vivadzen.com/ua/cannaline-cbd-caj-detox,2026-04-23
https://shop.vivadzen.com/cz/blog/chay-anchan,2026-04-23
https://vivadzen.com/superpotraviny,2026-04-23
https://vivadzen.com/product-category/tea-coffee/kava/mleta/,2026-04-23
https://vivadzen.com/cz/produkt/euphoria-h4cbd-disposable-vape-pen-mango-h4cbd-50-2-ml/,2026-04-23
https://vivadzen.com/cz/produkt/euphoria-cbd-disposable-vape-pen-ice-watermelon-2-ml/,2026-04-23
https://vivadzen.com/cz/cervene-borneo-kratom-prasek-300g,2026-04-23
https://vivadzen.com/kratom-prasek,2026-04-23
https://vivadzen.com/cz/blog/kitajski-chai,2026-04-23
https://vivadzen.com/de/en/blog/australian-root-kava-kava,2026-04-23
https://vivadzen.com/es/ru/blog/white-elephant-crushed-kratom-leaf-from-vivadzen,2026-04-23
https://shop.vivadzen.com/es/blog/oznameni-o-provozu-kamenne-prodejny-behem-svatku,2026-04-23
https://vivadzen.com/blog/vyzkousejte-nasi-sadu-nejlepsich-odrud-kratomu-zdarma,2026-04-23
https://vivadzen.com/cartridge,2026-04-23
https://vivadzen.com/cz/dnx-party-pills-happy-party-caps-speed-x,2026-04-23
https://vivadzen.com/cz/10-oh-hhc,2026-04-23
https://shop.vivadzen.com/blog/nova-odruda-sezony-bily-slon-kratom,2026-04-23
https://vivadzen.com/de/blog/vyzkousejte-nasi-sadu-nejlepsich-odrud-kratomu-zdarma,2026-04-23
https://vivadzen.com/blog/novinky-ve-vivadzen-th4c-produkty,2026-04-23
https://vivadzen.com/de/blog/novinky-ve-vivadzen-th4c-produkty,2026-04-23
https://vivadzen.com/es/vivadzen-kava-kava-extrakt-10ml,2026-04-23
https://vivadzen.com/cz/vivadzen-na-cannafest-2025/,2026-04-23
https://vivadzen.com/reviews/products,2026-04-23
https://vivadzen.com/cz/cbg9-pre-roll-cannio-rock,2026-04-23
https://vivadzen.com/preroll,2026-04-22
https://vivadzen.com/houby,2026-04-22
https://vivadzen.com/de/produkt/silikonschlauch/?add-to-cart=19572,2026-04-22
https://vivadzen.com/zelena-2,2026-04-22
https://vivadzen.com/cz/thc-f1-pre-roll-o-g-kush,2026-04-22
https://vivadzen.com/blog/otevreni-nove-prodejny-vivadze/,2026-04-22
https://vivadzen.com/cz/cannaline-cbd-hemp-oil-thc-free-10-1000-mg-10-ml,2026-04-22
https://vivadzen.com/cz/bila-maeng-da-kratom-prasek-50g,2026-04-22
https://vivadzen.com/de/ru/blog/australian-root-kava-kava,2026-04-22
https://vivadzen.com/es/ru/blog/what-is-kratom,2026-04-22
https://vivadzen.com/kava-peru-san-ignacio-250g-melena,2026-04-22
https://vivadzen.com/ua/ancan-modry-caj-10g,2026-04-22
https://shop.vivadzen.com/blog/zazijte-jedinecne-vlastnosti-cerveneho-hulu-a-cerveneho-bornea-s-50-slevou,2026-04-22
https://vivadzen.com/ua/category/superfoods/,2026-04-22
https://vivadzen.com/blog/medicinal-mushrooms/,2026-04-22
https://vivadzen.com/th4c-lemon-haze,2026-04-22
https://vivadzen.com/cbd-strawberry-kush,2026-04-22
https://vivadzen.com/product-category/cannabis/h4cbd/vape-h4cbd/,2026-04-22
https://vivadzen.com/cz/canapuff-10-oh-hhc-gummies-cherry,2026-04-22
https://vivadzen.com/product-tag/flowers/,2026-04-22
https://vivadzen.com/cz/bila-maeng-da-kratom-prasek-300g,2026-04-22
https://shop.vivadzen.com/blog/bezkonkurencni-nabidka-tydne-50-sleva-na-zelenou-maeng-da,2026-04-22
https://vivadzen.com/de/en/blog/kratom-and-meditation,2026-04-22
https://vivadzen.com/cz/blog/kratom-and-meditation,2026-04-22
https://vivadzen.com/blog/chay-anchan,2026-04-22
https://vivadzen.com/ua/viva-dzen-shop/page/3/,2026-04-22
https://vivadzen.com/banisteriopsis-caapi-vine-susene-listy-20g,2026-04-22
https://vivadzen.com/cz/blog/chay-anchan,2026-04-22
https://vivadzen.com/de/en/blog/white-elephant-crushed-kratom-leaf-from-vivadzen,2026-04-21
https://vivadzen.com/ru/produkt/canntropy-cbd-vape-sugar-cookie-cbd-95-1-ml/,2026-04-21
https://vivadzen.com/global/es/blog/odemknete-silu-akuammy-prirodni-ulevu-od-bolesti-a-lehke-uvolneni,2026-04-21
https://vivadzen.com/zeleny-thajsky-kratom-jablecny-25g,2026-04-21
https://vivadzen.com/zeleny-thajsky-kratom-visnovy-25g,2026-04-21
https://vivadzen.com/de/ru/blog/corydalis-yanhusuo-and-its-use-in-traditional-medicine,2026-04-21
https://vivadzen.com/blog/vyuzijte-kouzlo-zeleneho-maeng-da-s-50-slevou/,2026-04-21
https://vivadzen.com/cc9-edibles,2026-04-21
https://vivadzen.com/es/enecta-cbd-konopny-olej-3-300-mg-10-ml,2026-04-21
https://vivadzen.com/cz/cbg9-pre-roll-white-widow,2026-04-21
https://vivadzen.com/faq,2026-04-21
https://vivadzen.com/cz/cbd-kapky-2,2026-04-21
https://vivadzen.com/cz/thc-x,2026-04-21
https://vivadzen.com/ua/likuvalni-hribi/,2026-04-21
https://vivadzen.com/de/ru/blog/medicinal-mushrooms,2026-04-21
https://vivadzen.com/de/en/blog/medicinal-mushrooms,2026-04-21
https://vivadzen.com/de/blog/medicinal-mushrooms,2026-04-21
https://vivadzen.com/euphoria-h4cbd-gummies-3-pcs-x-40-mg-120-mg-jablko,2026-04-21
https://vivadzen.com/de/ru/blog/novinka-ve-vivadzen-tongkat-ali,2026-04-21
https://vivadzen.com/de/blog/kanna-zlepseni-nalady-zvyseni-koncentrace-zvyseni-energie,2026-04-21
https://vivadzen.com/de/en/blog/kanna-zlepseni-nalady-zvyseni-koncentrace-zvyseni-energie,2026-04-21
https://vivadzen.com/blog/kanna-zlepseni-nalady-zvyseni-koncentrace-zvyseni-energie,2026-04-21
https://vivadzen.com/cz/muhomor-chervoniy-poroshok-25g,2026-04-21
https://shop.vivadzen.com/es/en/blog/how-cbd-works,2026-04-21
https://vivadzen.com/cz/papirky-ripzh,2026-04-21
https://vivadzen.com/de/en/blog/kvety-cc9,2026-04-20
https://vivadzen.com/ua/ru/blog/kratom-and-meditation,2026-04-20
https://vivadzen.com/de/blog/bezkonkurencni-nabidka-tydne-50-sleva-na-zelenou-maeng-da,2026-04-20
https://vivadzen.com/es/en/blog/neuveritelne-duo-bily-thajsky-a-bily-hulu-kratom-za-polovicni-cenu,2026-04-20
https://vivadzen.com/de/product-category/geschenkartikel/?add-to-cart=18668,2026-04-20
https://vivadzen.com/es/uk/blog/green-thai-kratom-crushed-leaf,2026-04-20
https://vivadzen.com/de/product-category/geschenkartikel/feed/,2026-04-20
https://vivadzen.com/de/product-category/legale-cannabinoide/page/18/,2026-04-20
https://vivadzen.com/product-category/legal-kanabinoidy/th4c/kvety-th4c/,2026-04-20
https://vivadzen.com/product-category/cannabis/cbd/page/2/,2026-04-20
https://vivadzen.com/cz/vas-nakupni-kosik/?remove_item=1b4425e72b5a1eb7cb80882cb2502f34&_wpnonce=3fea627c14,2026-04-20
https://vivadzen.com/kava-kava-melo-melo-noble-cultivar-50g,2026-04-20
https://vivadzen.com/produkt/hash-h4cbd/,2026-04-20
https://vivadzen.com/cz/califarms-thc-x-cartrige-1-ml-ruzne-druhy,2026-04-20
https://vivadzen.com/thc-f1-vape-pen-raspberry,2026-04-20
https://shop.vivadzen.com/de/en/blog/how-cbd-works,2026-04-20
https://vivadzen.com/global/cs/blog/10-ruznych-prichuti-pro-10-romantickych-veceru,2026-04-20
https://vivadzen.com/product-category/legal-kanabinoidy/thc-f1/,2026-04-20
https://vivadzen.com/de/produkt/zitronen-gelato-h4cbd/,2026-04-20
https://vivadzen.com/royal-queen-seeds-grinder-small-window-2-parts-48-mm,2026-04-20
https://vivadzen.com/product-category/legal-kanabinoidy/thc-f1/preroll-thc-f1/,2026-04-20
https://vivadzen.com/blog/10-ruznych-prichuti-pro-10-romantickych-veceru/,2026-04-20
https://vivadzen.com/de/en/blog/oznameni-o-provozu-kamenne-prodejny-behem-svatku,2026-04-20
https://vivadzen.com/blog/bezkonkurencni-nabidka-tydne-50-sleva-na-zelenou-maeng-da,2026-04-20
https://vivadzen.com/cz/en/blog/chay-anchan,2026-04-20
https://vivadzen.com/de/en/blog/bezkonkurencni-nabidka-tydne-50-sleva-na-zelenou-maeng-da,2026-04-20
https://vivadzen.com/mlete-koreny-kava-kava-50g,2026-04-20
https://vivadzen.com/es/czech-republic-kratom,2026-04-20
https://vivadzen.com/global/cs/blog/odemknete-silu-akuammy-prirodni-ulevu-od-bolesti-a-lehke-uvolneni,2026-04-20
https://vivadzen.com/product-category/legal-kanabinoidy/cbg9/,2026-04-20
https://vivadzen.com/blog/otevrete-novou-uroven-kvality-se-zelenym-rurut-nano,2026-04-20
https://shop.vivadzen.com/es/en/blog/chay-anchan,2026-04-19
https://vivadzen.com/de/korb/?remove_item=441314de551ba5a9d38a4e3dd91bb80f&_wpnonce=54d4bb87de,2026-04-19
https://shop.vivadzen.com/blog/kanabinoid-cc9-ve-spolecnosti-viva-dzen,2026-04-19
https://vivadzen.com/blog/kvety-cc9,2026-04-19
https://vivadzen.com/de/blog/kvety-cc9,2026-04-19
https://vivadzen.com/es/canapuff-10-oh-hhc-pen-cartridge-king-luis-xiii,2026-04-19
https://vivadzen.com/cz/potraviny-s-cbd,2026-04-19
https://vivadzen.com/cz/produkt/hemnia-premium-functional-h4cbd-and-cbd-vape-pen-spiritual-center-50-h4cbd-45-cbd-tulsi-gotu-kola-sage-1ml/?add-to-cart=18391,2026-04-19
https://vivadzen.com/cz/produkt/hemnia-premium-functional-h4cbd-and-cbd-vape-pen-spiritual-center-50-h4cbd-45-cbd-tulsi-gotu-kola-sage-1ml/,2026-04-19
https://shop.vivadzen.com/de/blog/zazijte-jedinecne-vlastnosti-cerveneho-hulu-a-cerveneho-bornea-s-50-slevou,2026-04-19
https://vivadzen.com/product-category/legal-kanabinoidy/prislusenstvi/cones/,2026-04-19
https://vivadzen.com/de/product-tag/cbd-kapky/page/3/?add-to-cart=19430,2026-04-19
https://vivadzen.com/es/blog/kanna-zlepseni-nalady-zvyseni-koncentrace-zvyseni-energie,2026-04-19
https://vivadzen.com/es/ru/blog/vyuzijte-kouzlo-zeleneho-maeng-da-s-50-slevou,2026-04-19
https://vivadzen.com/ua/ru/blog/udelejte-si-den-jasnejsi-s-kratomem-bila-maeng-da-s-50-slevou,2026-04-19
https://vivadzen.com/es/uk/blog/udelejte-si-den-jasnejsi-s-kratomem-bila-maeng-da-s-50-slevou,2026-04-19
https://vivadzen.com/de/product-category/legale-cannabinoide/h4cbd-legale-cannabinoide/,2026-04-19
https://vivadzen.com/de/bali-dorado-polvo-de-kratom-300g,2026-04-19
https://vivadzen.com/ua/blog/kanna-zlepseni-nalady-zvyseni-koncentrace-zvyseni-energie,2026-04-19
https://vivadzen.com/cz/produkt/spojeni-sweet-dream-krabicka-1g/?add-to-cart=19153,2026-04-19
https://vivadzen.com/product-category/legal-kanabinoidy/cbg9/preroll-cbg9/,2026-04-19
https://vivadzen.com/de/produkt/palmero-mini-blueberry-2x-palm-leaf-wraps-0-8g/,2026-04-19
https://shop.vivadzen.com/blog/kratom-od-vivadzen-lze-koupit-veskery-den-v-tydnu-u-cannachill,2026-04-19
https://shop.vivadzen.com/de/uk/blog/dosahnete-nejlepsich-vysledku-s-bilym-hulu-kratom-tento-tyden-50-sleva,2026-04-19
https://vivadzen.com/cz/hemnia-full-spectrum-cbd-hemp-oil-25-2500-mg-10-ml,2026-04-19
https://vivadzen.com/blog/cerny-patek-ve-viva-dzen-slevy-ktere-si-nesmite-nechat-ujit/,2026-04-19
https://vivadzen.com/preroll-4,2026-04-19
https://shop.vivadzen.com/blog/cannafest-2024-se-blizi,2026-04-19
https://vivadzen.com/de/ru/blog/the-potential-of-kratom-in-sports-nutrition,2026-04-19
https://shop.vivadzen.com/es/en/blog/kvety-cc9,2026-04-19
https://shop.vivadzen.com/es/blog/the-journey-of-hemp-from-textile-plant-to-wellness-industry,2026-04-19
https://shop.vivadzen.com/de/uk/blog/zensen-ve-viva-dzen-vase-supersila-z-prirody,2026-04-19
https://vivadzen.com/cz/uk/blog/legality-of-kratom-by-country,2026-04-19
https://shop.vivadzen.com/global/es/blog/zazijte-jedinecne-vlastnosti-cerveneho-hulu-a-cerveneho-bornea-s-50-slevou,2026-04-19
https://vivadzen.com/product-category/legal-kanabinoidy/prislusenstvi/trubky/,2026-04-18
https://shop.vivadzen.com/de/en/blog/dosahnete-nejlepsich-vysledku-s-bilym-hulu-kratom-tento-tyden-50-sleva,2026-04-18
https://shop.vivadzen.com/ua/ru/blog/dosahnete-nejlepsich-vysledku-s-bilym-hulu-kratom-tento-tyden-50-sleva,2026-04-18
https://vivadzen.com/product-category/legal-kanabinoidy/cbd/liquid-cbd/,2026-04-18
https://vivadzen.com/de/blog/the-potential-of-kratom-in-sports-nutrition,2026-04-18
https://shop.vivadzen.com/es/uk/blog/program-kumulativnich-slev,2026-04-18
https://shop.vivadzen.com/global/de/blog/oznameni-o-provozu-kamenne-prodejny-behem-svatku,2026-04-18
https://vivadzen.com/de/en/blog/the-potential-of-kratom-in-sports-nutrition,2026-04-18
https://vivadzen.com/pu-erh-jasminova-prichut-50g,2026-04-18
https://shop.vivadzen.com/es/blog/zazijte-jedinecne-vlastnosti-cerveneho-hulu-a-cerveneho-bornea-s-50-slevou,2026-04-18
https://shop.vivadzen.com/de/en/blog/oznameni-o-provozu-kamenne-prodejny-behem-svatku,2026-04-18
https://shop.vivadzen.com/global/es/blog/dosahnete-nejlepsich-vysledku-s-bilym-hulu-kratom-tento-tyden-50-sleva,2026-04-18
https://vivadzen.com/de/en/blog/corydalis-yanhusuo-and-its-use-in-traditional-medicine,2026-04-18
https://vivadzen.com/de/checkout,2026-04-18
https://vivadzen.com/de/product-category/legale-cannabinoide/10-oh-hhc-legale-cannabinoide/,2026-04-18
https://shop.vivadzen.com/global/es/blog/objevte-tropickou-silu-justicia-carnea-blood-sleva-50,2026-04-18
https://shop.vivadzen.com/global/uk/blog/zazijte-jedinecne-vlastnosti-cerveneho-hulu-a-cerveneho-bornea-s-50-slevou,2026-04-18
https://vivadzen.com/es/blog/vyuzijte-kouzlo-zeleneho-maeng-da-s-50-slevou,2026-04-18
https://shop.vivadzen.com/es/en/blog/zazijte-jedinecne-vlastnosti-cerveneho-hulu-a-cerveneho-bornea-s-50-slevou,2026-04-18
https://vivadzen.com/de/shop-2/page/16/?add-to-cart=19124,2026-04-17
https://vivadzen.com/cz/produkt/euphoria-cbd-cartridge-bedtime-300-mg-05-ml/,2026-04-17
https://shop.vivadzen.com/de/en/blog/specialni-50-sleva-na-zeleny-malajsky-kratom,2026-04-17
https://shop.vivadzen.com/global/uk/blog/specialni-50-sleva-na-zeleny-malajsky-kratom,2026-04-17
https://shop.vivadzen.com/de/uk/blog/specialni-50-sleva-na-zeleny-malajsky-kratom,2026-04-17
https://vivadzen.com/es/uk/blog/kratom-and-meditation,2026-04-17
https://vivadzen.com/global/ru/blog/udelejte-si-den-jasnejsi-s-kratomem-bila-maeng-da-s-50-slevou,2026-04-17
https://vivadzen.com/ua/zeleny-caj-tie-guan-yin-50g,2026-04-17
https://vivadzen.com/global/cs/blog/udelejte-si-den-jasnejsi-s-kratomem-bila-maeng-da-s-50-slevou,2026-04-17
https://vivadzen.com/global/ru/blog/sleva-50-na-mlete-horke-listy-vernonia-amygdalina,2026-04-17
https://vivadzen.com/global/de/blog/kanna-zlepseni-nalady-zvyseni-koncentrace-zvyseni-energie,2026-04-17
https://vivadzen.com/de/blog/australian-root-kava-kava,2026-04-17
https://shop.vivadzen.com/global/cs/blog/program-kumulativnich-slev,2026-04-17
https://vivadzen.com/de/product-category/legale-cannabinoide/cbg9-legale-cannabinoide/,2026-04-17
https://vivadzen.com/es/blog/neuveritelne-duo-bily-thajsky-a-bily-hulu-kratom-za-polovicni-cenu,2026-04-17
https://vivadzen.com/es/blog/zazijte-chut-dzungle-s-50-slevou-bile-borneo-odruda-tydne,2026-04-17
https://vivadzen.com/product-category/legal-kanabinoidy/prislusenstvi/,2026-04-17
https://vivadzen.com/hulu-blanco-polvo-de-kratom-300g,2026-04-17
https://shop.vivadzen.com/ua/blog/program-kumulativnich-slev,2026-04-17
https://shop.vivadzen.com/global/es/blog/oznameni-o-provozu-kamenne-prodejny-behem-svatku,2026-04-17
https://vivadzen.com/es/uk/blog/novinka-ve-vivadzen-objevte-thc-f1-produkty,2026-04-17
https://vivadzen.com/global/cs/blog/kanna-zlepseni-nalady-zvyseni-koncentrace-zvyseni-energie,2026-04-17
https://vivadzen.com/de/uk/blog/novinka-ve-vivadzen-objevte-thc-f1-produkty,2026-04-17
https://vivadzen.com/kava-kosta-rika-chirripo-250g-melena,2026-04-17
https://vivadzen.com/de/blog/otevrete-novou-uroven-kvality-se-zelenym-rurut-nano,2026-04-17
https://vivadzen.com/de/produkt/happease-sleep-cbd-oel-mountain-river-5-cbd-500-mg-10-ml/,2026-04-17
https://vivadzen.com/cz/mate-paraguaysky-napoj-100g,2026-04-16
https://vivadzen.com/de/brands/canapuff,2026-04-16
https://vivadzen.com/de/en/blog/otevrete-novou-uroven-kvality-se-zelenym-rurut-nano,2026-04-16
https://vivadzen.com/de/pages/,2026-04-16
https://vivadzen.com/de/brands/orange-county,2026-04-16
https://vivadzen.com/cz/endoca-hemp-salve-250-mg-cbd-10-ml,2026-04-16
https://vivadzen.com/product-category/legal-kanabinoidy/thhc/,2026-04-16
https://vivadzen.com/de/en/blog/kratom-od-vivadzen-lze-koupit-veskery-den-v-tydnu-u-cannachill,2026-04-16
https://vivadzen.com/product-category/kava/mleta/,2026-04-16
https://vivadzen.com/ancan-modry-caj-10g,2026-04-16
https://vivadzen.com/es/ru/blog/udelejte-si-den-jasnejsi-s-kratomem-bila-maeng-da-s-50-slevou,2026-04-16
https://vivadzen.com/cz/shop-2/page/26/?add-to-cart=13214,2026-04-16
https://vivadzen.com/cz/shop-2/page/26/?add-to-cart=14543,2026-04-16
https://vivadzen.com/cz/th4c-vape-pen-cherry,2026-04-16
https://vivadzen.com/ua/blog/zazijte-chut-dzungle-s-50-slevou-bile-borneo-odruda-tydne,2026-04-16
https://vivadzen.com/de/wp-content/themes/VivaDzen,2026-04-16
https://vivadzen.com/cz/nano10,2026-04-16
https://vivadzen.com/product-category/caj/ostatni-caj/,2026-04-16
https://vivadzen.com/cz/euphoria-cbd-olej-5-s-terpeny-10-ml-500-mg-energy-vitality,2026-04-16
https://vivadzen.com/blog/vitez-cannaswisscupu-cbd-cali-grapes-od-sozhiety,2026-04-16
https://vivadzen.com/de/blog/kratom-od-vivadzen-lze-koupit-veskery-den-v-tydnu-u-cannachill,2026-04-16
https://vivadzen.com/cz/product-tag/bily-maeng-da/,2026-04-16
https://vivadzen.com/ua/blog/vivadzen-na-cannafest-2025,2026-04-16
https://vivadzen.com/de/blog/kratom-and-meditation,2026-04-16
https://vivadzen.com/de/brands/heavens-haze,2026-04-16
https://vivadzen.com/es/nadobky,2026-04-16
https://shop.vivadzen.com/ua/blog/zazijte-jedinecne-vlastnosti-cerveneho-hulu-a-cerveneho-bornea-s-50-slevou,2026-04-16
https://shop.vivadzen.com/global/cs/blog/dosahnete-nejlepsich-vysledku-s-bilym-hulu-kratom-tento-tyden-50-sleva,2026-04-16
https://vivadzen.com/cz/product-tag/zrnkova/,2026-04-16
https://vivadzen.com/produkt/th4c-vape-pen-passion-fruit/,2026-04-16
https://vivadzen.com/de/uk/blog/udelejte-si-den-jasnejsi-s-kratomem-bila-maeng-da-s-50-slevou,2026-04-16
https://vivadzen.com/cz/happease-relax-cbd-oil-tropical-sunrise-30-cbd-3000-mg-10-ml,2026-04-16
https://vivadzen.com/global/es/blog/10-ruznych-prichuti-pro-10-romantickych-veceru,2026-04-16
https://vivadzen.com/es/uk/blog/kanna-sceletium-tortuosum,2026-04-16
https://vivadzen.com/ua/ru/blog/kanna-zlepseni-nalady-zvyseni-koncentrace-zvyseni-energie,2026-04-16
https://vivadzen.com/product-category/legal-kanabinoidy/10-oh-hhc/dab/,2026-04-16
https://vivadzen.com/product-category/legal-kanabinoidy/thc-f1/cartridge-thc-f1/,2026-04-16
https://vivadzen.com/product-category/legal-kanabinoidy/h4cbd/preroll-h4cbd/,2026-04-16
https://vivadzen.com/happease-sleep-cbd-oil-mountain-river-5-cbd-500-mg-10-ml-2,2026-04-16
https://vivadzen.com/product-category/legal-kanabinoidy/thc-x/,2026-04-16
https://vivadzen.com/product-category/legal-kanabinoidy/cbd/preroll-cbd/,2026-04-16
https://vivadzen.com/product-category/legal-kanabinoidy/cbd/kvety-cbd/,2026-04-16
https://vivadzen.com/es/en/blog/10-ruznych-prichuti-pro-10-romantickych-veceru,2026-04-16
https://vivadzen.com/product-category/legal-kanabinoidy/h4cbd/vape-h4cbd/,2026-04-16
https://vivadzen.com/cz/produkt/the-bulldog-ruzova-plastova-drticka/feed/,2026-04-16
https://vivadzen.com/ua/vape-2,2026-04-16
https://vivadzen.com/product-category/legal-kanabinoidy/h4cbd/cartridge-h4cbd/,2026-04-16
https://vivadzen.com/es/uk/blog/trvale-jsme-snizili-ceny,2026-04-16
https://vivadzen.com/product-category/legal-kanabinoidy/prislusenstvi/bongy/,2026-04-16
https://vivadzen.com/product-category/legal-kanabinoidy/cc9/,2026-04-16
https://vivadzen.com/product-category/legal-kanabinoidy/cbd/ostatni/,2026-04-16
https://shop.vivadzen.com/global/ru/blog/banisteriopsis-caapi-prastara-liana-se-zajimavymi-ucinky,2026-04-16
https://vivadzen.com/product-category/thhc-konopi/preroll-thhc-konopi/,2026-04-16
https://vivadzen.com/produkt/thc-x-cheesecake-flowers/,2026-04-16
https://vivadzen.com/de/product-tag/cbd-kapky/page/3/?add-to-cart=19393,2026-04-16
https://vivadzen.com/de/blog/oznameni-o-provozu-kamenne-prodejny-behem-svatku,2026-04-16
https://vivadzen.com/de/en/blog/vitez-cannaswisscupu-cbd-cali-grapes-od-sozhiety,2026-04-16
https://vivadzen.com/produkt/happy-caps-herbal-capsules/,2026-04-16
https://shop.vivadzen.com/blog/cerny-patek-ve-viva-dzen-slevy-ktere-si-nesmite-nechat-ujit,2026-04-16
https://vivadzen.com/de/korb/?remove_item=2ace6e5456b0e48d7a46c20ec579904d&_wpnonce=096c560c6b,2026-04-16
https://shop.vivadzen.com/blog/zazijte-chut-dzungle-s-50-slevou-bile-borneo-odruda-tydne,2026-04-16
https://vivadzen.com/cz/nova-era-relaxace-s-mangem-vyzkousejte-gumove-bonbony-canapuff/feed/,2026-04-16
https://vivadzen.com/de/uk/blog/zensen-ve-viva-dzen-vase-supersila-z-prirody,2026-04-16
https://vivadzen.com/de/wp-content/plugins/3d-flipbook-dflip-lite/assets/,2026-04-16
https://vivadzen.com/product-category/kava/zrnkova/,2026-04-16
https://vivadzen.com/product-category/legal-kanabinoidy/thc-x/kvety/,2026-04-16
https://vivadzen.com/cannio-thhc-kvety-hardcore,2026-04-15
https://shop.vivadzen.com/blog/zeleny-a-cerveny-kratom-113-akce-kupte-2-treti-dostanete-jako-darek,2026-04-15
https://vivadzen.com/product-category/legal-kanabinoidy/cbg9/kvety-cbg9/,2026-04-15
https://vivadzen.com/product-category/legal-kanabinoidy/cbd/kosmetika-s-cbd/,2026-04-15
https://vivadzen.com/product-category/legal-kanabinoidy/cc9/vape-cc9/,2026-04-15
https://vivadzen.com/global/ru/blog/kanna-zlepseni-nalady-zvyseni-koncentrace-zvyseni-energie,2026-04-15
https://vivadzen.com/global/de/blog/vivadzen-na-cannafest-2025,2026-04-15
https://vivadzen.com/product-category/legal-kanabinoidy/,2026-04-15
https://vivadzen.com/product-category/legal-kanabinoidy/thc-x/cartridge-thc-x/,2026-04-15
https://vivadzen.com/cz/vas-nakupni-kosik/?remove_item=45ddfa251d2530f6865be72a998b03dc&_wpnonce=cf3d87b942,2026-04-15
https://vivadzen.com/o-nas/,2026-04-15
https://vivadzen.com/wp-json/,2026-04-15
https://vivadzen.com/de/blog/vitez-cannaswisscupu-cbd-cali-grapes-od-sozhiety,2026-04-15
https://vivadzen.com/product-category/legal-kanabinoidy/thhc/kvety-thhc/,2026-04-15
https://vivadzen.com/product-category/legal-kanabinoidy/cbd/napoje-s-cbd/,2026-04-15
https://vivadzen.com/product-category/legal-kanabinoidy/th4c/vape-th4c/,2026-04-15
https://vivadzen.com/product-category/legal-kanabinoidy/thc-x/vape-thc-x/,2026-04-15
https://vivadzen.com/de/bile-borneo-kratom-prasek-50g,2026-04-15
https://vivadzen.com/de/korb/?remove_item=53a321a3dd5fec15174c52abc7dca46a&_wpnonce=0e1409bae2,2026-04-15
https://vivadzen.com/product-category/legal-kanabinoidy/cbd/gummies-cbd/,2026-04-15
https://vivadzen.com/product-category/legal-kanabinoidy/10-oh-hhc/gummies/,2026-04-15
https://vivadzen.com/cz/tag/postupne-uspory/,2026-04-15
https://vivadzen.com/product-category/legal-kanabinoidy/cbd/potraviny-s-cbd/,2026-04-15
https://shop.vivadzen.com/es/en/blog/nova-odruda-sezony-bily-slon-kratom,2026-04-15
https://vivadzen.com/canapuff-caribbean-breeze-65-cbg9-kvety,2026-04-15
https://shop.vivadzen.com/es/en/blog/10-ruznych-prichuti-pro-10-romantickych-veceru,2026-04-15
https://shop.vivadzen.com/de/en/blog/banisteriopsis-caapiprirozena-cesta-k-hlubsimu-sebepoznani,2026-04-15
https://vivadzen.com/de/blog/corydalis-yanhusuo-and-its-use-in-traditional-medicine,2026-04-15
https://vivadzen.com/cz/vas-nakupni-kosik/?remove_item=158ca628a01a9aac19a4ffa80e7ea86d&_wpnonce=f89682d368,2026-04-15
https://vivadzen.com/cz/czech-cbd-10-oh-hhc-jelly-200mg-strawberry,2026-04-15
https://vivadzen.com/de/en/blog/zensen-ve-viva-dzen-vase-supersila-z-prirody,2026-04-15
https://vivadzen.com/ua/blog/10-ruznych-prichuti-pro-10-romantickych-veceru,2026-04-15
https://vivadzen.com/cbg9-kvety-cannio-rock,2026-04-15
https://vivadzen.com/es/brands/endoca,2026-04-15
https://vivadzen.com/cz/vas-nakupni-kosik/?remove_item=d5645f3d4fef0a78cc97068102507570&_wpnonce=afb3af01cd,2026-04-15
https://vivadzen.com/thhc-vape-pen-0-5ml-magnum,2026-04-14
https://vivadzen.com/cz/product-tag/legalni-kanabinoidy/,2026-04-14
https://vivadzen.com/de/ru/blog/kratom-and-meditation,2026-04-14
https://vivadzen.com/blog/oznameni-o-provozu-kamenne-prodejny-behem-svatku,2026-04-14
https://vivadzen.com/cbg9-kvety-jack-herer,2026-04-14
https://vivadzen.com/product-category/legal-kanabinoidy/prislusenstvi/drticky/,2026-04-14
https://vivadzen.com/blog/zazijte-jedinecne-vlastnosti-cerveneho-hulu-a-cerveneho-bornea-s-50-slevou,2026-04-14
https://vivadzen.com/de/en/blog/otevreni-nove-prodejny-vivadze,2026-04-14
https://vivadzen.com/de/blog/zazijte-jedinecne-vlastnosti-cerveneho-hulu-a-cerveneho-bornea-s-50-slevou,2026-04-14
https://vivadzen.com/ua/dalsi-kratomove-produkty,2026-04-14
https://vivadzen.com/jizhovik-grebinchatiy-ekstrakt-poroshok-10-1-50g,2026-04-14
https://vivadzen.com/cannaline-cbd-konopny-olej-10-1000-mg-10-ml,2026-04-14
https://vivadzen.com/product-category/legal-kanabinoidy/cc9/preroll-cc9/,2026-04-14
https://vivadzen.com/de/viva-dzen-shop/page/13/?add-to-cart=19153,2026-04-14
https://vivadzen.com/de/blog/otevreni-nove-prodejny-vivadze,2026-04-14
https://vivadzen.com/gummies-2,2026-04-14
https://vivadzen.com/blog/sticker/minus-30-percents/,2026-04-14
https://vivadzen.com/produkt/euphoria-cbd-oil-5-10-ml-500-mg/,2026-04-14
https://vivadzen.com/bily-slon-kratom-prasek-1000g,2026-04-14
https://vivadzen.com/de/ru/blog/kanna-sceletium-tortuosum,2026-04-14
https://shop.vivadzen.com/de/blog/banisteriopsis-caapiprirozena-cesta-k-hlubsimu-sebepoznani,2026-04-14
https://vivadzen.com/global/de/blog/10-ruznych-prichuti-pro-10-romantickych-veceru,2026-04-14
https://vivadzen.com/blog/zensen-ve-viva-dzen-vase-supersila-z-prirody,2026-04-14
https://vivadzen.com/cz/product-tag/gummy/,2026-04-14
https://vivadzen.com/product-category/legal-kanabinoidy/thc-f1/vape-thc-f1/,2026-04-14
https://vivadzen.com/ua/cannaline-cbd-tea-relax-30-g,2026-04-14
https://vivadzen.com/de/griffonia-seminka-20g,2026-04-14
https://vivadzen.com/de/nano10-ultra-pink-pre-roll-0-8g,2026-04-14
https://vivadzen.com/de/koralovec-jezaty-mlety-50g,2026-04-14
https://vivadzen.com/es/vape-3,2026-04-14
https://vivadzen.com/cz/product-tag/rurut-nano/,2026-04-14
https://vivadzen.com/cz/shop-2/page/26/?add-to-cart=13212,2026-04-14
https://vivadzen.com/de/en/blog/kanna-sceletium-tortuosum,2026-04-14
https://vivadzen.com/global/es/blog/zensen-ve-viva-dzen-vase-supersila-z-prirody,2026-04-14
https://vivadzen.com/de/blog/kanna-sceletium-tortuosum,2026-04-13
https://vivadzen.com/ua/produkt/zhelejki-z-kofeїnom-ta-musczimolom-mdma-chehiya/,2026-04-13
https://shop.vivadzen.com/blog/mame-pro-vas-dve-skvele-novinky-ktere-rozhodne-stoji-za-vyzkouseni,2026-04-13
https://vivadzen.com/cz/produkt/th4c-pre-roll/feed/,2026-04-13
https://vivadzen.com/cz/srovnani-kratomu-s-dalsimi-rostlinnymi-doplnky-co-vybrat-pro-relaxaci-energii-nebo-bdelost/,2026-04-13
https://vivadzen.com/zeleny-thajsky-kratom-prasek-1000g,2026-04-13
https://vivadzen.com/de/ru/blog/an-introduction-to-the-world-of-kratom,2026-04-13
https://vivadzen.com/cz/cartridge-4,2026-04-13
https://vivadzen.com/blog/co-je-cc9,2026-04-13
https://vivadzen.com/de/blog/zensen-ve-viva-dzen-vase-supersila-z-prirody,2026-04-13
https://vivadzen.com/product-category/legal-kanabinoidy/th4c/preroll-th4c/,2026-04-13
https://vivadzen.com/groove-micro-hourglass-rig-clear-and-black-bong,2026-04-13
https://vivadzen.com/de/en/blog/an-introduction-to-the-world-of-kratom,2026-04-13
https://vivadzen.com/cz/napoje-s-cbd,2026-04-13
https://vivadzen.com/de/blog/prehled-hub-v-biohackingu,2026-04-13
https://vivadzen.com/cz/pages/,2026-04-13
https://vivadzen.com/de/blog/mame-pro-vas-dve-skvele-novinky-ktere-rozhodne-stoji-za-vyzkouseni,2026-04-13
https://shop.vivadzen.com/blog/objevte-tropickou-silu-justicia-carnea-blood-sleva-50,2026-04-13
https://vivadzen.com/blog/mame-pro-vas-dve-skvele-novinky-ktere-rozhodne-stoji-za-vyzkouseni,2026-04-13
https://vivadzen.com/cz/zeleny-rurut-nano-kratom-prasek-25g,2026-04-13
https://vivadzen.com/es/en/blog/kratom-and-meditation,2026-04-13
https://vivadzen.com/global/de/blog/kratom-and-meditation,2026-04-13
https://shop.vivadzen.com/blog/banisteriopsis-caapiprirozena-cesta-k-hlubsimu-sebepoznani,2026-04-13
https://vivadzen.com/ua/checkout,2026-04-12
https://vivadzen.com/blog/ceka-na-vas-tajny-halloweensky-darek,2026-04-12
https://vivadzen.com/de/en/blog/zazijte-chut-dzungle-s-50-slevou-bile-borneo-odruda-tydne,2026-04-12
https://vivadzen.com/de/en/blog/objevte-tropickou-silu-justicia-carnea-blood-sleva-50,2026-04-12
https://vivadzen.com/de/blog/objevte-tropickou-silu-justicia-carnea-blood-sleva-50,2026-04-12
https://vivadzen.com/de/wp-admin/admin-ajax.php,2026-04-12
https://vivadzen.com/feed/,2026-04-12
https://vivadzen.com/viva-dzen-shop/feed/,2026-04-12
https://vivadzen.com/es/blog/odemknete-silu-akuammy-prirodni-ulevu-od-bolesti-a-lehke-uvolneni,2026-04-12
https://vivadzen.com/es/uk/blog/prehled-hub-v-biohackingu,2026-04-12
https://vivadzen.com/cz/product-tag/10-oh-hhc/page/2/?add-to-cart=14282,2026-04-12
https://vivadzen.com/cz/product-category/kratom/page/2/,2026-04-12
https://shop.vivadzen.com/blog/vyuzijte-kouzlo-zeleneho-maeng-da-s-50-slevou,2026-04-12
https://vivadzen.com/de/blog/co-je-cc9,2026-04-12
https://shop.vivadzen.com/blog/vysledky-testu-odrud-bily-slon-a-zelene-borneo-nejsilnejsi-odrudy-obsahujici-2-mitragyninu,2026-04-12
https://vivadzen.com/cz/uk/blog/differences-between-mitragyna,2026-04-12
https://vivadzen.com/es/uk/blog/vivadzen-na-cannafest-2025,2026-04-12
https://vivadzen.com/cz/produkt/banisteriopsis-caapi-vine-susene-listy/feed/,2026-04-11
https://vivadzen.com/global/uk/blog/vivadzen-na-cannafest-2025,2026-04-11
https://vivadzen.com/de/ru/blog/objevte-nano9-novy-standard-mezi-prirodnimi-relaxanty,2026-04-11
https://vivadzen.com/blog/zazijte-chut-dzungle-s-50-slevou-bile-borneo-odruda-tydne,2026-04-11
https://shop.vivadzen.com/blog/udelejte-si-den-jasnejsi-s-kratomem-bila-maeng-da-s-50-slevou,2026-04-11
https://shop.vivadzen.com/blog/elixir-harmonie-zlate-borneo-se-slevou-50,2026-04-11
https://vivadzen.com/blog/objevte-tropickou-silu-justicia-carnea-blood-sleva-50,2026-04-11
https://vivadzen.com/de/blog/zazijte-chut-dzungle-s-50-slevou-bile-borneo-odruda-tydne,2026-04-11
https://vivadzen.com/ua/wp-login.php?action=lostpassword,2026-04-11
https://vivadzen.com/product-category/konopi/cbd-konopi-2/napoje-s-cbd/,2026-04-11
https://vivadzen.com/global/es/blog/zazijte-chut-dzungle-s-50-slevou-bile-borneo-odruda-tydne,2026-04-11
https://vivadzen.com/de/uk/blog/zazijte-chut-dzungle-s-50-slevou-bile-borneo-odruda-tydne,2026-04-11
https://vivadzen.com/de/ru/blog/zazijte-chut-dzungle-s-50-slevou-bile-borneo-odruda-tydne,2026-04-11
https://vivadzen.com/de/en/blog/differences-between-mitragyna,2026-04-11
https://vivadzen.com/cz/royal-queen-seeds-card-grinder-rqs-2-parts,2026-04-11
https://vivadzen.com/de/blog/legality-of-kratom-by-country,2026-04-11
https://shop.vivadzen.com/es/blog/medicinal-mushrooms,2026-04-11
https://vivadzen.com/ua/blog/vyuzijte-kouzlo-zeleneho-maeng-da-s-50-slevou,2026-04-11
https://vivadzen.com/cz/pu-erh-arbor-250g,2026-04-11
https://vivadzen.com/cz/produkt/mushroom-tincture-150mg/,2026-04-11
https://vivadzen.com/de/blog/differences-between-mitragyna,2026-04-11
https://vivadzen.com/de/en/blog/legality-of-kratom-by-country,2026-04-10
https://vivadzen.com/global/uk/blog/neuveritelne-duo-bily-thajsky-a-bily-hulu-kratom-za-polovicni-cenu,2026-04-10
https://vivadzen.com/cz/konopi,2026-04-10
https://vivadzen.com/global/ru/blog/oznameni-o-provozu-kamenne-prodejny-behem-svatku,2026-04-10
https://vivadzen.com/de/en/blog/novinka-ve-vivadzen-objevte-thc-f1-produkty,2026-04-10
https://vivadzen.com/de/blog/novinka-ve-vivadzen-objevte-thc-f1-produkty,2026-04-10
https://vivadzen.com/blog/bile-hulu-a-zelena-sumatra-jsou-certifikovany-podle-nejvyssich-standardu,2026-04-10
https://vivadzen.com/blog/novinka-ve-vivadzen-objevte-thc-f1-produkty,2026-04-10
https://vivadzen.com/cz/bily-slon-kratom-tablety-100g,2026-04-10
https://vivadzen.com/cz/vivadzen-kava-kava-extrakt-10ml,2026-04-10
https://vivadzen.com/de/uk/blog/kanna-zlepseni-nalady-zvyseni-koncentrace-zvyseni-energie,2026-04-10
https://vivadzen.com/de/ru/blog/kanna-zlepseni-nalady-zvyseni-koncentrace-zvyseni-energie,2026-04-10
https://vivadzen.com/de/zeleny-thajsky-kratom-prasek-25g,2026-04-10
https://shop.vivadzen.com/global/es/blog/pohodli-a-efektivita-vzdy-na-dosah,2026-04-10
https://vivadzen.com/cz/product-tag/gold-borneo/,2026-04-10
https://vivadzen.com/produkt/cannaline-cbd-konopny-olej-10-1000-mg-10-ml/,2026-04-10
https://vivadzen.com/de/en/blog/ziskejte-100-kc-za-nakup-v-nasem-obchode-a-5-z-nakupu-vasich-pratel,2026-04-10
https://vivadzen.com/blog/cannafest-2024-se-blizi,2026-04-10
https://vivadzen.com/de/en/blog/elixir-harmonie-zlate-borneo-se-slevou-50,2026-04-10
https://vivadzen.com/de/blog/how-cbd-works,2026-04-09
https://vivadzen.com/de/blog/ceka-na-vas-tajny-halloweensky-darek,2026-04-09
https://vivadzen.com/affiliate,2026-04-09
https://vivadzen.com/de/en/blog/ceka-na-vas-tajny-halloweensky-darek,2026-04-09
https://vivadzen.com/ua/akuamma-kapsuli-500mg-50-sht,2026-04-09
https://vivadzen.com/blog/udelejte-si-den-jasnejsi-s-kratomem-bila-maeng-da-s-50-slevou,2026-04-09
https://vivadzen.com/de/blog/ziskejte-100-kc-za-nakup-v-nasem-obchode-a-5-z-nakupu-vasich-pratel,2026-04-09
https://vivadzen.com/ua/ru/blog/sleva-50-na-mlete-horke-listy-vernonia-amygdalina,2026-04-09
https://vivadzen.com/es/ru/blog/sleva-50-na-mlete-horke-listy-vernonia-amygdalina,2026-04-09
https://vivadzen.com/global/es/blog/sleva-50-na-mlete-horke-listy-vernonia-amygdalina,2026-04-09
https://vivadzen.com/global/de/blog/sleva-50-na-mlete-horke-listy-vernonia-amygdalina,2026-04-09
https://vivadzen.com/de/ru/blog/how-cbd-works,2026-04-09
https://vivadzen.com/ua/chay-anchan/,2026-04-09
https://vivadzen.com/blog/azanza-garckeana-goron-tula-novy-vyrobek-vivadzen/,2026-04-09
https://vivadzen.com/de/blog/kratom-in-ancient-rituals,2026-04-09
https://vivadzen.com/global/de/blog/vyuzijte-kouzlo-zeleneho-maeng-da-s-50-slevou,2026-04-09
https://vivadzen.com/global/ru/blog/banisteriopsis-caapi-prastara-liana-se-zajimavymi-ucinky,2026-04-09
https://vivadzen.com/ru/produkt/muhomor-krasnyj-kapsuly-500mg/,2026-04-09
https://vivadzen.com/de/ru/blog/kratom-in-ancient-rituals,2026-04-09
https://vivadzen.com/de/en/blog/kratom-in-ancient-rituals,2026-04-09
https://shop.vivadzen.com/es/en/blog/vyuzijte-kouzlo-zeleneho-maeng-da-s-50-slevou,2026-04-09
https://vivadzen.com/de/blog/banisteriopsis-caapi-prastara-liana-se-zajimavymi-ucinky,2026-04-08
https://vivadzen.com/de/en/blog/how-cbd-works,2026-04-08
https://vivadzen.com/produkt/canntropy-10-oh-hhc-vape-pen-orange-creamsicle/,2026-04-08
https://vivadzen.com/de/uk/blog/vivadzen-na-cannafest-2025,2026-04-08
https://vivadzen.com/de/en/blog/banisteriopsis-caapi-prastara-liana-se-zajimavymi-ucinky,2026-04-08
https://vivadzen.com/cz/produkt/canntropy-10-oh-hhc-premium-cannabinoid-oil-10--oh-hhc-10ml/,2026-04-07
https://vivadzen.com/de/blog/nase-motivace-byt-soucasti-cesko-slovenske-asociace-kratom-csak,2026-04-07
https://vivadzen.com/de/blog/chinese-teas,2026-04-07
https://vivadzen.com/blog/otevreni-nove-prodejny-vivadze,2026-04-07
https://vivadzen.com/de/en/blog/chinese-teas,2026-04-07
https://vivadzen.com/cz/blog/2024/11/22/cerny-patek-ve-viva-dzen-slevy-ktere-si-nesmite-nechat-ujit/,2026-04-07
https://vivadzen.com/cz/produkt/canntropy-10-oh-hhc-fruit-gummies-mix-10-pcs-x-10-mg-100-mg-10-oh-hhc-25-g/,2026-04-07
https://vivadzen.com/cz/produkt/thhc-pre-roll/feed/,2026-04-07
https://vivadzen.com/blog/nase-motivace-byt-soucasti-cesko-slovenske-asociace-kratom-csak,2026-04-07
https://vivadzen.com/de/ru/blog/chinese-teas,2026-04-07
https://vivadzen.com/de/en/blog/nase-motivace-byt-soucasti-cesko-slovenske-asociace-kratom-csak,2026-04-07
https://vivadzen.com/ua/ru/blog/green-thai-kratom-crushed-leaf,2026-04-06
https://vivadzen.com/de/ru/blog/sila-a-kvalita-bile-maeng-dy-s-50-slevou,2026-04-06
https://vivadzen.com/global/cs/blog/oznameni-o-provozu-kamenne-prodejny-behem-svatku,2026-04-06
https://vivadzen.com/de/ru/blog/differences-between-mitragyna,2026-04-06
https://vivadzen.com/product-category/cannabis/page/28/,2026-04-06
https://vivadzen.com/produkt/heavens-haze-10-oh-hhc-gummies-3-pcs/,2026-04-06
https://vivadzen.com/blog/prehled-hub-v-biohackingu,2026-04-06
https://vivadzen.com/es/ru/blog/co-je-cc9,2026-04-06
https://vivadzen.com/es/ru/blog/program-kumulativnich-slev,2026-04-06
https://vivadzen.com/cz/product-category/legal-kanabinoidy/page/8/?add-to-cart=13414,2026-04-06
https://vivadzen.com/ru/wp-admin/admin-ajax.php?action=rest-nonce,2026-04-05
https://vivadzen.com/de/ru/blog/legality-of-kratom-by-country,2026-04-05
https://vivadzen.com/ua/product-category/cbd/,2026-04-05
https://vivadzen.com/cz/produkt/spojeni-sweet-dream-krabicka-1g/?add-to-cart=18391,2026-04-05
https://vivadzen.com/es/en/blog/how-does-the-quality-of-kratom-affects-its-effectiveness,2026-04-05
https://vivadzen.com/product-category/cannabis/page/17/,2026-04-04
https://vivadzen.com/de/uk/blog/co-je-cc9,2026-04-04
https://vivadzen.com/es/blog/the-potential-of-kratom-in-sports-nutrition,2026-04-04
https://vivadzen.com/ua/ru/blog/how-does-the-quality-of-kratom-affects-its-effectiveness,2026-04-04
https://vivadzen.com/blog/trvale-jsme-snizili-ceny,2026-04-04
https://vivadzen.com/de/blog/trvale-jsme-snizili-ceny,2026-04-03
https://vivadzen.com/cz/produkt/10-oh-hhc-vape-mix-ovoce/feed/,2026-04-02
https://vivadzen.com/global/ru/blog/program-kumulativnich-slev,2026-04-02
https://vivadzen.com/global/cs/blog/program-kumulativnich-slev,2026-04-02
https://vivadzen.com/ua/blog/category/novynky-mahazynu/,2026-04-01
https://vivadzen.com/ua/ru/blog/otevrete-novou-uroven-kvality-se-zelenym-rurut-nano,2026-04-01
https://vivadzen.com/ua/ru/blog/co-je-cc9,2026-04-01
https://vivadzen.com/global/ru/blog/co-je-cc9,2026-04-01
https://vivadzen.com/blog/novinka-od-vivadzen-thc-x-strawberry-gelato/,2026-04-01
https://vivadzen.com/produkt/zelena-mlha-cinsky-horsky-organicky-zeleny-caj/,2026-04-01
https://vivadzen.com/blog/posledni-odruda-tydne-akce-se-konci/,2026-04-01
https://vivadzen.com/ua/blog/2025/10/01/chay-anchan/,2026-03-31
https://vivadzen.com/ru/produkt/kava-kava-piper-methysticum/?add-to-cart=20037,2026-03-31
https://vivadzen.com/ua/ru/blog/zensen-ve-viva-dzen-vase-supersila-z-prirody,2026-03-31
https://vivadzen.com/es/produkt/malayo-verde-polvo-de-kratom/,2026-03-31
https://vivadzen.com/ua/product-category/caj/oolong/,2026-03-30
https://vivadzen.com/cz/wp-content/uploads/2024/11/22.10.2024.pdf,2026-03-30
https://vivadzen.com/blog/banisteriopsis-caapiprirozena-cesta-k-hlubsimu-sebepoznani,2026-03-30
https://vivadzen.com/de/blog/doporucovaci-program-vivadzen-ziskejte-5-z-nakupu-svych-pratel,2026-03-29
https://vivadzen.com/cz/produkt/happease-focus-cbd-oil-jungle-spirit-5-cbd-500-mg-10-ml/feed/,2026-03-29
https://vivadzen.com/de/blog/banisteriopsis-caapiprirozena-cesta-k-hlubsimu-sebepoznani,2026-03-29
https://vivadzen.com/blog/elixir-harmonie-zlate-borneo-se-slevou-50,2026-03-29
https://vivadzen.com/es/tag/medunka/,2026-03-29
https://vivadzen.com/ru/produkt/kava-kava-piper-methysticum/?add-to-cart=20059,2026-03-29
https://vivadzen.com/global/ru/blog/jak-si-uzit-vecery-jinak-objevte-kava-kava,2026-03-29
https://vivadzen.com/global/ru/blog/posledni-odruda-tydne-akce-se-konci,2026-03-29
https://vivadzen.com/es/blog/otevrete-novou-uroven-kvality-se-zelenym-rurut-nano,2026-03-29
https://vivadzen.com/de/en/blog/doporucovaci-program-vivadzen-ziskejte-5-z-nakupu-svych-pratel,2026-03-29
https://vivadzen.com/de/blog/vysledky-testu-odrud-bily-slon-a-zelene-borneo-nejsilnejsi-odrudy-obsahujici-2-mitragyninu,2026-03-28
https://vivadzen.com/cz/2024/09/05/cinske-caje/,2026-03-28
https://vivadzen.com/ua/blog/nase-motivace-byt-soucasti-cesko-slovenske-asociace-kratom-csak,2026-03-28
https://vivadzen.com/es/ru/blog/otevrete-novou-uroven-kvality-se-zelenym-rurut-nano,2026-03-28
https://vivadzen.com/ua/viva-dzen-shop/feed/,2026-03-28
https://vivadzen.com/cz/produkt/cbd-mango-rock/feed/,2026-03-28
https://vivadzen.com/es/uk/blog/mame-pro-vas-dve-skvele-novinky-ktere-rozhodne-stoji-za-vyzkouseni,2026-03-28
https://vivadzen.com/es/blog/ 34624016801,2026-03-28
https://vivadzen.com/de/en/blog/vysledky-testu-odrud-bily-slon-a-zelene-borneo-nejsilnejsi-odrudy-obsahujici-2-mitragyninu,2026-03-28
https://vivadzen.com/product-category/legal-kanabinoidy/10-oh-hhc/,2026-03-28
https://vivadzen.com/cz/wp-content/uploads/sites/4/2024/07/cbio_rcoa-001-cartridge-th4c-sample.pdf,2026-03-28
https://vivadzen.com/global/cs/blog/posledni-odruda-tydne-akce-se-konci,2026-03-28
https://vivadzen.com/es/tag/zensen/,2026-03-28
https://vivadzen.com/global/cs/blog/specialni-50-sleva-na-zeleny-malajsky-kratom,2026-03-28
https://vivadzen.com/ua/blog/sticker/minus-20-percents/,2026-03-28
https://vivadzen.com/es/tag/bdelost/,2026-03-28
https://vivadzen.com/global/uk/blog/jak-si-uzit-vecery-jinak-objevte-kava-kava,2026-03-28
https://vivadzen.com/global/ru/blog/nase-motivace-byt-soucasti-cesko-slovenske-asociace-kratom-csak,2026-03-27
https://vivadzen.com/es/uk/blog/novinka-ve-vivadzen-tongkat-ali,2026-03-27
https://vivadzen.com/global/cs/blog/nase-motivace-byt-soucasti-cesko-slovenske-asociace-kratom-csak,2026-03-27
https://vivadzen.com/es/uk/blog/nase-motivace-byt-soucasti-cesko-slovenske-asociace-kratom-csak,2026-03-27
https://vivadzen.com/product-category/cannabis/feed/,2026-03-27
https://vivadzen.com/global/de/blog/co-je-cc9,2026-03-27
https://vivadzen.com/es/blog/banisteriopsis-caapi-prastara-liana-se-zajimavymi-ucinky,2026-03-27
https://vivadzen.com/ua/wp-content/themes/VivaDzen,2026-03-26
https://vivadzen.com/es/blog/snf-coffeine-energy-menthol-je-nyni-k-dispozici,2026-03-26
https://vivadzen.com/es/ru/blog/snf-coffeine-energy-menthol-je-nyni-k-dispozici,2026-03-26
https://vivadzen.com/ua/blog/odemknete-silu-akuammy-prirodni-ulevu-od-bolesti-a-lehke-uvolneni,2026-03-26
https://vivadzen.com/es/uk/blog/vanocni-magie-3-baleni-kratomu-za-cenu-2,2026-03-26
https://vivadzen.com/de/uk/blog/vitez-cannaswisscupu-cbd-cali-grapes-od-sozhiety,2026-03-26
https://vivadzen.com/cz/product-tag/10-oh-hhc/page/2/?add-to-cart=14287,2026-03-26
https://vivadzen.com/ru/produkt/muhomor-krasnyj-kapsuly-500mg/?add-to-cart=20037,2026-03-25
https://vivadzen.com/global/de/blog/posledni-odruda-tydne-akce-se-konci,2026-03-25
https://vivadzen.com/ua/ru/blog/trvale-jsme-snizili-ceny,2026-03-25
https://vivadzen.com/de/ru/blog/vitez-cannaswisscupu-cbd-cali-grapes-od-sozhiety,2026-03-25
https://vivadzen.com/ru/produkt/ezhovik-grebenchatyj-kapsuly-lions-mane/,2026-03-25
https://vivadzen.com/es/ru/blog/vitez-cannaswisscupu-cbd-cali-grapes-od-sozhiety,2026-03-25
https://vivadzen.com/global/de/blog/vitez-cannaswisscupu-cbd-cali-grapes-od-sozhiety,2026-03-25
https://vivadzen.com/product-category/legal-kanabinoidy/h4cbd/,2026-03-25
https://vivadzen.com/global/es/blog/nase-motivace-byt-soucasti-cesko-slovenske-asociace-kratom-csak,2026-03-25
https://vivadzen.com/ru/wp-content/plugins/litespeed-cache/guest.vary.php,2026-03-25
https://vivadzen.com/ru/wp-content/themes/VivaDzen,2026-03-25
https://vivadzen.com/ru/produkt/muhomor-korolevskij-amanita-regalis-poroshok/,2026-03-25
https://vivadzen.com/ua/blog/kanna-sceletium-tortuosum,2026-03-25
https://vivadzen.com/blog/usnadnete-si-kazdy-den-s-cervenou-maeng-da-a-gold-borneo-50,2026-03-24
https://vivadzen.com/es/blog/how-to-buy-high-quality-kratom,2026-03-24
https://vivadzen.com/cz/produkt/cannastra-cbg9-kvet-fruity-big-bang-cbg9-85-kvalita-1g-100g/?add-to-cart=20050,2026-03-23
https://vivadzen.com/de/uk/blog/corydalis-yanhusuo-and-its-use-in-traditional-medicine,2026-03-23
https://vivadzen.com/ua/ru/blog/corydalis-yanhusuo-and-its-use-in-traditional-medicine,2026-03-23
https://vivadzen.com/product-category/cbd-konopi-2/kvety-cbd-konopi-2-konopi-2/,2026-03-23
https://vivadzen.com/ua/ru/blog/oznameni-o-provozu-kamenne-prodejny-behem-svatku,2026-03-23
https://vivadzen.com/cz/produkt/nano10-popcorn/,2026-03-23
https://vivadzen.com/product/thc-f1-vape-pen-raspberry/?add-to-cart=17567,2026-03-23
https://vivadzen.com/de/ru/blog/novinky-ve-vivadzen-th4c-produkty,2026-03-23